Query ID|Prediction
9764|1
4663|11
5089|13
401|3
2977|0
6643|4
6629|5
2239|15
2405|3
5879|18
9141|12
10193|11
6963|17
7310|10
6262|14
1865|4
8231|14
8321|0
6019|5
126|8
4987|11
11425|16
8791|0
1150|3
6692|6
5245|2
542|0
3690|17
3818|14
2279|12
9816|17
5512|6
8987|6
3325|2
4814|2
3654|11
563|10
1160|13
3638|12
8952|2
1889|18
5597|17
8045|0
10985|8
6483|14
7808|10
2715|13
3774|15
8651|1
5865|19
10398|0
188|0
8819|16
9423|15
4445|4
7964|2
2613|3
7930|16
5680|12
2282|14
4591|10
4347|17
7133|17
2059|16
4422|4
572|0
179|8
10780|16
4547|18
9862|13
9251|3
12363|11
5796|3
10749|9
11121|12
5087|6
2802|0
11231|8
11236|18
7433|6
10843|10
11439|8
11812|13
10562|5
8734|13
10907|17
980|2
6665|17
7532|14
2350|17
8388|13
1752|9
8528|6
11245|18
3682|14
7199|13
2592|10
7516|6
3714|11
3599|2
6497|17
1399|3
8125|16
4862|17
3331|6
11101|15
487|9
3261|13
10219|9
9226|17
4333|18
7343|2
4951|18
327|4
4460|11
2399|3
5588|14
9091|17
4307|6
1279|4
11807|14
7484|13
4327|15
2280|9
8679|17
8822|15
10127|17
1907|15
7963|3
7453|17
6446|15
9611|19
7730|18
6298|9
6407|2
10508|12
8501|11
8459|8
11654|19
2599|10
1922|9
8988|4
9858|5
7627|15
7206|12
7970|13
5409|9
410|17
1126|17
4185|10
4201|4
9544|7
2448|12
10678|8
1379|3
11372|11
11273|18
8191|16
9433|13
10964|4
6127|1
10204|9
11161|12
7641|7
3335|16
9383|2
5043|13
10044|3
5046|3
2123|19
7650|12
6301|17
10984|1
8454|0
8550|19
8396|5
10059|7
5235|12
8147|15
10589|1
5433|12
1732|16
2796|14
1723|13
9990|2
1759|7
9717|11
3082|13
6135|4
7653|2
4527|19
8261|6
5307|4
5743|5
5754|3
5538|16
1417|2
4023|10
3364|6
2559|1
10023|14
367|15
5800|13
528|14
6179|17
8670|10
329|13
2784|5
7404|15
8364|14
10961|3
8121|2
7660|4
7100|9
11100|12
2122|3
11282|8
4923|14
9525|4
2058|3
5490|2
6060|15
4465|17
8360|16
10847|0
813|17
207|6
5300|9
8277|2
10391|19
12447|11
1746|6
1191|1
3797|8
5920|19
9083|0
10277|0
11411|19
10073|9
7728|11
4427|12
10475|14
2793|7
8293|7
6236|2
10358|2
751|7
10500|3
6977|1
10299|9
6825|3
6772|9
1906|13
902|2
10632|10
11055|16
5167|7
2192|7
4446|4
5188|9
8448|15
4234|19
6889|16
862|2
11828|11
7394|4
9996|4
11284|17
2840|17
2736|15
11063|16
5925|10
3752|12
235|8
6655|18
7478|0
7831|18
5874|6
11299|2
2583|4
5977|14
9416|17
3875|8
1891|4
9196|18
4786|2
3895|14
7275|0
622|13
2886|18
9552|7
7138|9
3680|10
6679|14
11049|14
3652|3
6721|0
10665|19
4498|17
2596|17
3770|9
9563|19
9090|1
7145|19
2597|7
707|12
3337|7
2861|14
10385|0
3893|5
7767|0
10341|4
3829|3
255|16
1220|6
11652|18
10224|10
10020|14
4962|9
3139|1
6239|6
7119|1
2714|14
11242|9
6444|9
2716|12
8535|14
3765|13
4438|19
8492|10
8256|17
8793|14
2420|13
1686|15
7377|3
8602|8
1430|19
7551|13
9790|2
10910|8
9914|5
8471|3
5676|18
2406|14
951|4
6482|15
7185|17
6265|10
856|2
3421|4
7312|3
2492|4
2885|4
236|13
2883|6
8163|0
2965|10
5976|4
4598|19
10104|1
935|16
5294|18
9577|0
2874|9
7232|17
7474|5
8113|17
1984|2
9154|17
2733|2
8208|15
9317|12
8310|17
7033|10
10359|15
375|7
4639|5
4522|14
4304|14
9136|1
3816|2
7866|4
1044|17
9605|18
11122|0
7479|8
10995|9
9588|15
6691|16
511|8
3196|10
2577|16
8692|17
9294|14
2019|14
10069|9
6106|16
11392|10
7829|7
2374|12
5159|17
7087|2
1507|15
586|6
10514|17
9770|9
6910|0
8760|9
1728|10
11182|13
10047|1
1093|15
10658|13
3931|16
5155|12
11128|19
223|19
8445|7
9636|15
5059|9
6238|5
4994|3
7628|3
10141|3
5967|9
10133|15
6071|18
4595|15
5735|2
2989|6
9618|17
4847|15
8160|0
11406|16
10443|14
7657|3
1325|16
8146|8
9783|1
1035|19
7546|17
7238|17
7513|0
2035|14
11709|13
2967|9
6160|10
4710|9
2688|4
1608|18
200|5
1118|19
5820|1
1128|14
5314|17
680|8
10343|14
8708|6
7901|8
2835|13
2258|9
10603|7
11386|11
10564|17
8742|13
2018|16
8641|16
14|1
2552|1
2442|3
9585|18
2245|3
619|18
227|1
10901|6
11230|14
9835|2
3406|4
426|8
649|17
2373|16
10207|4
2686|17
11262|0
6557|15
1896|16
506|1
2798|5
9256|16
1662|10
5035|1
6139|14
692|7
9545|19
3917|2
5695|6
8496|11
3962|11
4524|5
7703|2
1979|19
2167|8
5524|9
6191|16
9541|5
9600|9
11742|18
10744|16
8856|12
1981|18
9834|2
5899|15
5854|10
1011|14
5463|5
11479|19
9075|9
5737|13
2648|19
7655|0
7426|6
3060|18
10683|0
6835|10
6768|16
5939|4
1640|16
7806|17
9173|15
7561|19
6349|2
10346|19
841|14
8861|18
6927|0
8069|14
4952|15
12378|11
8472|4
11031|13
10620|3
2260|10
10436|12
8633|9
1602|3
1588|5
451|1
162|12
4310|14
7009|9
9978|9
10317|2
6896|14
9011|16
7228|14
4753|13
2571|4
7451|17
10337|17
8570|15
4246|6
10972|3
9871|3
1421|9
4464|16
3035|8
10951|4
2620|14
6377|18
4629|8
7933|18
2199|0
2957|11
8785|17
10526|14
9167|16
1372|11
9208|19
10232|3
5520|5
7629|16
887|0
9929|13
4690|17
2345|17
3423|5
5293|13
11002|6
6209|13
2377|3
2138|0
3986|17
9221|7
1815|1
7239|12
5317|6
1641|2
4278|18
4689|9
1506|5
8780|17
7076|12
2657|2
10571|10
3096|3
7071|7
302|16
8250|17
1272|10
6003|0
2761|0
1675|17
10519|14
876|15
9499|12
8173|17
3007|7
3666|19
6569|11
7469|4
8425|2
7111|9
6904|10
1581|8
10673|13
8067|1
8075|2
1051|0
5969|13
9367|7
7702|9
4231|6
2667|7
5486|12
3450|5
9824|16
6380|17
4949|0
3950|0
10873|10
5522|3
3999|15
9392|7
8476|14
5901|4
5045|14
9586|7
1660|9
8209|3
11081|14
1070|10
6234|2
3430|7
3708|8
2665|0
3668|4
7773|13
8332|17
2668|19
8890|3
1477|10
4193|12
1785|7
397|7
8148|6
5122|9
7058|15
742|17
5551|13
7213|19
9055|0
11436|7
11886|11
158|2
11400|0
8235|12
8974|12
3400|15
4541|2
8395|3
2608|19
9650|14
3555|7
5026|2
199|16
2254|6
9439|13
6539|12
5546|15
7849|12
12440|11
8234|7
4284|16
9822|9
7495|6
4475|11
4164|16
7721|4
10881|14
2649|3
6785|13
1154|3
9057|13
8438|6
4959|9
10354|0
7977|0
6492|14
12897|11
7839|10
4252|2
681|7
888|1
7742|1
9542|10
5643|10
11331|3
1915|9
2988|17
3545|3
1599|16
1672|4
11495|12
8106|9
11339|10
4924|2
11126|16
6915|4
6545|13
10105|4
4462|11
5232|4
4682|3
6548|17
3724|19
3824|9
372|3
3128|9
403|8
80|0
9924|12
9818|19
5244|12
2380|0
6688|2
6604|2
9927|3
9407|14
1206|17
8817|3
11013|0
7533|14
710|3
6819|6
2093|19
9097|12
3169|6
5603|5
10271|3
4938|13
544|2
4596|14
993|9
6327|13
4879|12
10319|13
2046|6
11027|14
6474|15
11645|19
134|4
1866|18
5394|3
3543|0
2931|11
9452|2
3658|5
7013|6
7589|9
2044|10
2634|4
4277|7
2013|16
2101|2
6378|9
1498|9
6722|1
5904|14
9968|0
4208|5
4002|0
9102|12
8687|11
7081|19
5406|15
11562|1
1726|4
7763|15
6565|10
8759|17
2818|10
12905|11
8517|13
1719|3
4977|1
8869|12
416|9
4593|19
4305|9
3297|10
5378|7
8296|11
7306|18
571|6
8458|12
6833|12
7171|8
600|3
8103|9
7101|17
1437|3
10692|2
10792|6
3900|13
5231|17
6225|10
1079|12
8968|18
6796|11
799|13
7608|8
7731|1
11150|8
2920|7
2640|13
2766|17
3426|16
5793|1
3749|17
1007|0
8627|0
3312|13
10464|10
1092|3
8130|19
3939|12
5450|14
1952|0
1791|15
2354|10
10765|16
834|11
8764|17
8567|13
10188|12
48|18
535|14
11416|7
9573|18
11497|13
4131|4
3989|2
9120|3
746|14
6113|9
10510|11
5259|1
2081|5
5380|11
9934|4
6046|4
9554|14
6675|4
2463|16
6815|17
10417|4
5634|15
7826|1
5815|17
4219|9
9977|16
11309|7
5044|15
1377|8
1292|16
3783|0
6696|19
9477|14
558|10
8667|5
9814|13
4655|17
4045|10
8908|1
1852|18
3616|17
879|10
5861|17
10350|12
4942|14
2985|5
6950|12
7075|3
8488|3
4001|5
5763|6
8109|2
6510|13
9266|12
3110|16
3856|16
11446|1
1751|1
7027|4
6194|13
6032|13
5816|4
7042|1
10579|3
4665|3
2441|13
4832|14
11752|11
470|4
4791|2
8562|18
6405|4
3913|8
10240|10
3592|17
10962|17
6324|14
3491|0
6847|6
6526|13
9776|17
2462|13
7346|17
11185|10
3946|1
1290|14
8478|10
10233|17
8227|14
9493|3
1100|13
6532|7
4474|12
2501|16
6248|17
3967|3
10106|3
1691|11
5662|15
9080|7
5236|7
1698|14
9410|8
1706|14
2595|18
7015|13
3862|12
6980|13
6600|3
8999|16
2404|13
6519|14
21|15
6654|14
1121|2
1309|4
1910|15
7460|6
7486|13
7356|1
2003|14
8490|2
6089|15
2801|0
4731|16
3418|14
8389|13
6853|12
3945|0
6582|9
3763|0
3275|19
9399|18
3815|17
809|14
1999|9
6279|13
5844|2
3090|10
4612|4
4268|15
1830|7
460|15
2347|3
10845|9
287|13
5842|18
3208|17
11026|16
10462|7
10869|17
9592|12
418|4
3779|14
4895|17
3302|6
4830|16
1202|2
1001|18
4816|14
10549|3
6465|11
9220|9
3741|9
3756|17
5359|15
3897|14
2175|2
9556|6
557|19
1218|1
2372|7
11557|13
7163|7
4189|13
7112|8
8913|3
2983|6
4632|3
3282|16
12158|8
5549|13
7555|17
8557|8
10052|3
3148|7
1138|9
6511|17
8609|0
559|2
3548|15
3116|2
5769|14
1018|14
9160|1
4373|2
11190|16
5706|13
10520|16
10382|14
5135|8
4765|1
1998|17
4704|10
3635|8
3861|6
913|7
4027|16
5227|6
5797|16
9016|9
9198|18
4554|6
4640|7
5009|3
4649|12
8387|9
3078|14
11728|13
6502|16
3494|14
8291|11
11521|19
1453|0
7406|14
8504|16
3980|15
5525|2
4212|12
7596|17
1610|12
11456|13
2717|4
3495|12
904|18
10479|10
648|9
5619|19
2971|15
7646|12
501|7
7257|7
6491|12
824|10
8873|12
5539|4
5814|0
5855|4
8419|10
4165|2
8468|5
7440|7
3407|18
866|0
3190|14
11550|13
6883|6
11198|9
9447|4
8021|19
4620|2
4175|1
3561|17
3058|3
9928|4
8018|1
1935|14
9945|13
7055|13
8138|14
2710|13
3696|13
6757|1
3908|1
9472|7
5782|2
11793|19
425|13
1110|19
2853|1
498|13
12034|0
11496|4
68|9
2068|3
3925|10
9803|13
2067|4
7625|15
661|3
6635|9
3172|7
3612|17
1164|16
4166|2
7543|12
3152|17
917|16
2728|15
7457|14
10403|4
1872|12
8569|16
6308|4
7070|1
5646|15
2348|3
4600|17
2289|13
4783|13
8046|15
1041|17
8264|12
4752|17
719|16
4066|17
11810|19
2711|14
10303|17
7442|18
5974|17
5356|9
4989|11
5022|6
6423|18
8998|16
7612|11
11719|11
1739|7
177|9
4766|9
8444|2
3011|1
29|17
7295|15
3809|17
10535|3
1589|17
3501|5
10455|17
6033|13
1587|19
1016|16
5265|11
1315|19
4382|17
3604|12
529|12
7824|12
9019|18
3786|8
7756|10
10426|4
6254|4
1428|17
7536|15
556|19
1025|6
11205|17
2205|14
5988|9
6321|5
9400|16
10109|5
11488|10
3338|19
5948|11
9811|0
7914|17
10053|12
9038|13
10079|9
8186|19
10170|16
4112|16
1089|9
8189|3
308|12
5678|14
41|17
5012|9
8407|1
9532|18
10840|17
6676|12
4818|3
82|4
7663|18
394|1
4617|18
7066|2
9696|12
3636|10
2737|15
5839|7
7616|11
9032|2
7611|3
3492|3
290|0
9067|10
269|7
10742|2
907|7
8352|14
5984|19
3687|2
1178|6
7750|3
6836|6
136|4
5860|14
851|6
929|7
7388|2
8339|13
2720|4
12006|0
3642|7
6348|13
5777|1
10729|0
499|5
11595|13
3516|17
331|4
8824|9
7753|6
5781|6
2894|15
3935|9
9449|14
2243|0
2304|12
12043|19
8778|14
6256|11
6206|14
5494|15
7062|15
791|4
8441|19
6933|16
4051|15
9328|2
2653|0
7172|6
1977|8
3087|18
5292|2
8622|19
277|14
8469|3
1934|11
4280|10
3386|19
8262|17
10406|10
5663|11
6499|9
4842|9
5112|2
4151|13
1658|9
1670|15
4492|6
9225|4
10846|15
3454|8
2234|7
7594|7
10154|8
10724|17
11093|0
5476|4
8096|7
5011|12
2286|5
1402|9
2517|18
6547|7
1344|8
785|0
8482|15
10235|9
1597|5
125|15
2860|13
380|15
6872|6
6645|9
640|0
9893|7
9725|17
7164|9
5689|11
7774|9
7584|14
3385|4
7588|6
10516|0
5640|14
11509|13
2307|3
4232|7
9738|14
318|2
4043|7
830|2
1227|10
8655|13
5867|3
3002|18
11125|2
10182|3
2114|15
3888|18
1058|17
8223|5
8314|1
8704|10
808|0
5442|0
3355|13
9063|14
10302|0
9504|8
8668|17
10530|2
1514|13
22|13
7777|16
4488|17
3177|13
10504|18
11713|19
10708|1
6445|10
5914|4
1245|3
6261|13
6370|10
1064|13
10753|9
387|0
443|10
1580|6
10800|9
2643|3
5077|14
994|9
6852|14
5434|7
6373|8
6936|17
7149|9
5853|1
2575|0
5934|9
5910|9
1725|5
4244|14
7676|9
5868|15
2695|3
4418|9
6855|8
10767|3
8640|3
9326|14
10721|12
9271|2
2909|10
7127|19
1195|0
7944|10
3047|7
1320|8
11822|0
9427|16
3634|17
9498|19
8977|9
10563|13
6453|17
5478|6
9310|13
7511|14
1201|15
5755|4
8300|11
10828|19
6871|6
4792|17
6844|13
10694|9
5584|17
1902|13
6218|15
9531|0
9161|2
6814|8
10557|16
2880|12
8224|3
5836|4
4102|10
3362|9
4867|6
8289|17
2084|14
7989|13
5424|3
664|14
7020|17
3032|17
1961|3
4100|13
10507|6
8753|10
9471|3
4381|7
1808|9
10904|18
3976|4
5425|13
6765|3
7666|12
9484|19
5612|17
7882|14
2541|18
3168|15
10363|13
6761|13
7244|5
8930|17
12729|11
5561|14
8872|1
1196|13
7272|6
5582|6
9044|5
10738|4
3057|17
667|1
3512|0
8546|15
1962|6
11211|2
4988|12
1989|6
11966|0
10297|17
4519|16
5258|3
4276|1
2610|2
1323|5
4829|15
10698|17
3377|3
10506|4
2524|17
1661|16
11326|3
2810|14
9594|5
2734|12
7318|10
2697|14
9491|11
4408|10
4555|9
3623|10
3993|18
10491|14
4945|10
837|13
10309|13
2756|1
7674|16
4573|9
948|13
1012|12
2335|16
4900|7
11449|8
1043|4
6544|4
11061|7
2357|13
666|19
9923|4
5198|9
8366|2
6989|12
404|17
6729|14
3138|14
5697|2
8747|7
2739|14
7339|8
5078|16
7323|16
8744|9
9243|12
288|8
5250|3
3669|17
4569|5
4203|1
9430|16
3896|12
11300|13
6287|16
8087|19
6114|4
8996|8
4969|9
5411|12
10010|16
10213|13
2467|16
1319|16
1647|3
8007|2
684|14
8783|0
1222|4
6307|12
6093|9
3949|14
4090|19
11510|19
8331|13
7167|6
1793|15
10668|8
6108|4
7871|14
1265|0
5495|3
3937|13
4725|0
5510|10
3643|18
8994|3
2603|14
10307|0
8202|19
3936|0
9998|16
1857|7
5563|10
6805|5
8023|3
6928|18
4901|13
4127|16
4180|15
4712|9
9645|7
2602|12
7827|3
1246|3
7313|12
1677|3
3373|4
4315|12
1131|2
3517|4
9792|11
10097|9
8603|11
1955|15
1351|0
10203|8
7099|14
549|9
8833|2
2488|7
1804|6
6561|8
10445|3
1401|16
915|19
6467|17
7610|9
3269|1
8119|5
3838|14
7822|0
7085|13
7599|8
5111|19
5787|16
10488|19
9608|3
8056|7
2290|9
1993|16
445|7
2466|15
8325|0
3921|2
10022|13
6300|7
8624|14
2554|8
6961|13
8960|3
6596|9
5101|13
4526|2
1119|16
7724|19
10002|9
4565|10
1659|14
3113|7
12157|1
10390|13
767|19
6659|8
6021|2
4354|3
5420|9
2010|12
2511|9
10143|7
5949|4
9652|16
574|12
5652|14
7378|4
2107|2
7294|8
2421|12
925|17
8649|9
1464|16
3175|7
1969|13
9209|8
2047|9
11457|17
8494|13
9121|8
3211|0
3537|4
8860|14
6004|8
9766|17
9613|14
9936|15
3104|19
7006|2
9606|19
9006|16
3476|16
10252|6
6559|14
5347|0
11314|18
5922|15
1971|5
10547|18
2778|16
11675|0
4645|14
8681|11
1495|8
10283|3
4744|3
8027|16
2427|11
9218|9
7762|10
6339|0
4431|2
8079|0
8047|9
8596|8
8769|9
4702|2
3183|0
10861|3
6386|15
5579|10
10971|12
11735|19
10070|16
6588|18
5002|1
6851|8
9943|10
1413|3
5799|18
12096|11
2331|17
2581|1
2419|11
1929|10
9896|11
985|17
8137|17
7508|18
9078|6
5456|14
5568|17
4631|14
1059|18
10395|10
4504|12
6906|13
9313|2
382|17
3156|10
1737|4
2712|3
8578|0
9306|6
3392|9
6204|4
857|18
3289|10
4860|6
10146|7
1859|14
9637|5
9819|13
1901|4
3145|18
5141|13
8100|14
6247|3
1954|5
2623|18
6677|12
6462|0
967|17
9989|11
10230|10
8561|4
1130|4
7331|10
10028|11
1976|7
5547|14
10336|17
6878|14
419|13
6090|15
12044|18
9684|15
6056|18
1623|6
7550|16
8066|9
6832|17
3382|2
4395|1
1575|14
1215|14
9012|7
7083|16
3184|3
8935|1
9703|7
9352|16
12486|11
4496|13
5047|1
6456|5
7337|4
10987|19
4050|13
2656|14
4944|0
4030|7
3994|3
12237|6
523|18
6026|17
6707|12
6938|1
3224|14
9329|1
2028|11
8696|16
7771|12
4716|14
3523|4
2929|1
9295|12
7624|14
67|11
7920|13
2749|17
9176|13
264|7
12661|8
607|17
2981|10
11132|12
2076|4
1703|8
9077|4
360|7
7103|16
11232|14
5454|2
3438|12
5024|10
9515|9
9073|7
9010|2
10590|17
11384|10
7782|4
720|0
4611|1
7396|16
4578|6
6968|17
5224|4
11829|8
8341|0
9658|14
1166|4
2049|9
1571|16
9707|16
9454|13
11636|1
3747|17
5851|0
3851|12
110|9
7065|1
5286|17
9396|17
69|0
164|6
4343|16
6145|17
7917|17
651|10
6082|13
8110|14
7159|4
734|7
5422|14
3916|2
7123|2
8029|2
601|8
8182|13
5852|16
7670|8
2897|6
1629|18
8426|11
5909|11
7683|1
10713|3
9230|2
6141|3
5587|5
2679|9
7322|3
4796|5
9562|14
6504|17
1854|8
3827|4
7887|16
2923|15
9910|5
1767|18
4558|17
1071|6
3586|16
8423|14
5803|16
6104|5
3180|14
10356|12
1335|16
852|9
10115|1
34|14
1415|13
8097|1
4372|12
1842|14
3321|3
4542|8
6858|7
5968|5
10098|15
6393|11
10067|3
6583|7
1456|17
4589|14
3499|13
7352|13
5162|7
6311|13
8956|14
894|0
366|5
1555|7
5128|16
11437|19
4364|7
6987|17
564|1
6690|14
10392|4
6580|9
8840|17
10074|15
1086|5
4884|16
2095|13
2951|9
10568|18
1262|18
6969|9
8729|16
5255|2
9771|5
7921|13
5993|16
8135|4
5100|10
7117|18
6538|16
1268|9
5074|16
2401|9
8948|5
551|12
5571|19
10739|11
2661|1
10537|12
9018|3
9506|4
8475|1
5146|9
1010|14
2750|3
10978|7
7277|17
6436|19
10878|16
1337|17
4312|13
8216|16
8412|2
8918|3
8771|2
4679|9
5303|19
4536|17
4932|7
2484|18
5449|5
361|2
4078|4
7895|11
1880|17
3831|11
10439|4
4941|13
4739|12
8116|7
6800|17
7960|13
2413|17
2157|12
2248|7
4311|13
7422|14
10959|6
7796|9
3520|19
9444|0
7521|17
9052|4
6304|15
3305|16
8884|13
7373|12
6807|11
9253|16
12063|8
2308|17
8522|13
8452|15
1621|16
9134|6
197|2
7819|19
300|1
9149|12
7815|13
5268|0
10902|4
9037|8
183|17
2998|17
400|4
2261|12
8571|13
510|18
5535|17
4402|10
8816|17
8022|10
1397|1
10663|2
6628|12
7662|11
1576|12
9560|14
7526|17
2136|1
6885|2
675|7
7354|10
9086|2
5707|0
7233|2
2721|13
9644|17
2063|19
2892|15
6867|17
1526|7
10560|14
4543|15
650|17
5052|17
1823|8
3981|3
2564|2
10253|14
531|2
1054|14
5095|5
6220|12
8721|17
3971|12
1669|0
3470|16
5281|19
473|0
265|14
4908|6
8892|9
10041|3
8564|16
3107|7
2709|6
9518|3
10124|7
417|1
2629|3
5468|10
9688|0
737|19
5398|14
8529|19
9024|7
7990|13
1145|3
4644|10
5168|3
1355|17
2662|15
1500|4
4676|2
7344|13
9446|5
5625|17
2455|19
5573|9
6877|3
4214|17
6578|7
252|14
8054|12
4409|18
1502|4
7968|14
11385|3
3422|8
6388|17
310|4
4172|14
6486|13
11609|12
7593|17
6503|15
5338|13
4539|17
7647|0
991|17
8421|17
580|8
6573|12
2506|15
5981|3
8897|17
6556|17
8723|14
4577|9
218|19
3447|13
1625|4
4775|15
5696|15
3884|5
6251|5
1538|8
9263|17
10090|7
4067|14
533|4
6776|16
10895|10
5699|12
4468|3
8632|8
3603|3
90|7
7857|17
442|8
4750|19
4216|11
11334|13
4060|1
2142|12
6149|10
3372|0
3242|17
3688|18
8855|7
2472|8
3535|7
12425|8
4537|18
10882|12
5724|19
6087|15
3834|11
2817|8
9479|13
8832|13
5722|4
5301|4
5960|19
8976|17
3757|9
1169|9
7466|6
4916|6
5598|1
10872|15
8010|17
6165|2
6694|12
3354|13
8702|18
7214|4
5423|18
11012|3
9921|9
6558|13
10776|4
9087|17
4793|7
6064|8
2342|7
2055|5
7974|10
3474|14
1208|14
10810|14
11141|18
9503|19
5791|5
9734|0
6290|15
4781|12
11532|8
4416|2
10862|3
3513|8
10569|15
7904|19
8577|17
6274|7
10046|18
10923|3
8367|9
7424|15
7200|17
10818|18
3929|9
10787|17
2166|2
6618|9
3256|15
3189|6
4274|17
10282|2
4294|16
9502|13
494|12
1525|19
10379|16
3549|12
878|8
8102|18
9349|18
299|3
5110|4
2393|4
2012|10
6125|0
908|16
7044|16
8748|16
1214|0
9933|6
10326|12
2844|4
5274|0
6585|16
7879|10
9180|19
1742|9
3198|5
10412|13
4308|6
10247|2
1987|16
4168|0
9099|4
5214|11
5802|14
4367|9
6142|18
4406|14
6925|18
10171|11
3712|12
5455|7
1404|8
1619|19
9296|14
123|15
4756|6
4369|14
7994|0
6606|4
1114|4
9511|16
1780|14
7949|6
10722|18
6322|17
2226|9
6105|4
3013|18
2376|12
1461|11
3598|7
357|15
6267|8
8381|17
8615|8
8638|13
5912|1
2359|17
11082|17
2919|14
4143|3
11090|3
5103|17
2786|17
7398|13
1347|16
6623|16
7785|1
9040|18
4954|4
5965|3
2936|16
6174|0
9848|13
456|1
3374|17
1689|2
7462|14
422|19
956|6
8399|5
4141|0
116|12
3493|18
8169|13
6133|1
10582|18
5849|4
6076|3
10925|3
7361|3
10205|14
11405|7
7056|7
9429|7
2589|0
595|5
3409|11
4550|17
257|12
7140|7
10593|15
8989|15
4428|4
7482|3
5041|17
4457|8
1692|12
6029|0
3370|16
2154|17
1204|13
10545|6
3076|15
8507|12
2449|17
1530|12
10823|15
334|16
8203|16
2316|9
10586|11
6949|16
9157|9
3404|12
2334|19
10456|18
9666|2
5514|13
870|0
4317|3
8060|17
9053|2
2642|3
9635|6
2727|2
11279|7
1111|15
8937|11
5266|15
5137|18
10933|3
2757|19
8447|14
9547|10
3173|13
10682|17
8415|17
8775|9
4961|2
11221|3
6683|14
6574|7
7454|3
10236|9
5631|0
3621|12
3527|2
4782|13
2991|0
1168|7
6312|19
6163|16
2415|9
5806|4
3589|18
8511|14
7485|2
4313|9
7297|1
5881|12
9938|2
3960|0
4351|2
198|2
5911|17
9631|18
827|0
11168|2
3825|4
1472|15
10000|17
10275|2
8712|17
3403|0
4154|17
2040|1
10898|18
4531|0
6689|16
9733|6
4696|14
9704|16
12173|8
9789|3
11052|14
296|8
9148|14
8802|17
2696|16
8814|11
6976|17
2320|18
9875|10
6897|0
9421|0
9915|9
9955|3
685|14
3231|4
10478|13
11146|11
6586|5
5129|3
774|5
9340|12
8811|10
5875|7
2118|4
5029|3
1601|18
5027|3
6715|19
9633|13
11174|4
6660|2
4864|7
6619|9
7585|17
5001|1
3301|15
9508|8
5|13
9566|9
7192|10
10139|3
8111|7
3963|2
4811|14
3063|8
9262|18
8727|3
8302|7
455|6
5780|5
11276|9
9084|0
923|10
5390|6
10024|4
5556|7
732|15
4012|13
9070|0
10285|17
10592|15
3193|7
2808|11
2352|19
1183|9
3191|18
8516|11
5197|14
447|12
10123|5
10774|13
2682|14
129|17
9287|12
2954|3
1544|8
5042|3
10116|16
11498|8
815|6
1950|9
1697|17
7249|12
4533|2
11199|17
3673|7
3262|13
6528|16
4248|17
7892|3
2471|2
9797|13
3477|11
9465|17
232|14
11412|0
7562|0
762|7
5499|6
2783|17
9982|3
8518|15
8647|17
6442|10
10912|16
8218|4
4788|2
8599|19
3445|11
107|7
1539|14
1638|15
8088|4
7431|9
6123|9
3151|1
4939|7
11250|2
4025|6
5400|15
4806|14
1826|8
8851|17
1846|3
1769|0
2794|4
5459|3
3439|9
10769|17
240|18
5891|3
131|10
3268|13
7972|16
4160|15
1938|11
9935|3
7672|7
1712|3
8719|9
7258|16
2024|12
11151|9
4957|6
454|17
6664|9
10411|9
10190|16
9358|12
8590|8
1098|3
2177|12
1143|5
11177|14
10628|1
7157|4
2011|5
2453|9
11337|3
6201|16
6427|14
11005|7
906|14
4329|12
6911|10
11152|12
3188|17
2567|3
10689|13
10037|10
5076|0
9051|14
5979|16
1731|9
6777|5
11310|3
2999|8
9418|3
8000|17
4787|0
9365|14
8794|11
5606|12
6564|14
4887|4
6367|11
11824|13
10043|8
6379|2
10524|0
9046|15
3772|0
10966|6
7264|13
1909|16
5506|0
3502|4
1239|3
730|14
11001|3
9405|3
271|0
3475|1
3743|17
578|18
7524|9
6156|18
10001|4
6031|4
10142|17
8183|18
2425|3
7439|4
10528|18
11408|13
8455|9
8196|11
5384|2
481|7
3526|16
9166|9
9861|8
3662|14
1261|17
7525|4
7290|12
8477|17
9740|14
2361|9
3038|3
1943|18
3017|18
3849|5
4588|2
127|5
4703|7
3919|17
5006|19
8429|6
1650|2
6587|16
2521|7
2022|15
7189|17
10089|4
4910|7
1333|8
1273|4
4490|9
2518|17
11911|19
9847|10
3143|10
8662|8
7844|18
6749|13
9513|16
6412|16
6051|16
7267|14
12450|8
6764|16
9865|4
4469|7
10055|17
2140|3
10298|9
9371|10
9020|18
4720|0
1112|7
11208|16
3267|6
8192|12
4004|6
479|14
10602|13
6409|13
10931|6
2255|7
8585|17
8887|14
741|9
6740|8
5322|6
4763|10
2209|3
810|0
6813|7
8659|11
5771|6
9756|7
9741|2
8761|7
10558|2
8271|16
4334|15
5811|5
3176|16
9254|16
7768|6
10095|9
8767|0
2823|16
8707|3
5665|3
10831|17
628|18
7269|19
11335|16
284|6
11745|1
2777|2
6802|8
6909|12
6803|11
3347|0
1400|17
9390|7
11500|11
4260|17
10854|17
3158|0
7869|7
11703|0
4643|0
1094|14
6084|0
7463|6
9509|5
3813|17
1357|6
6993|1
3725|13
10467|10
2799|8
4177|3
624|1
7285|0
9487|8
4966|7
2856|4
3840|18
5886|15
8605|14
1450|12
9147|16
8255|0
8616|7
614|0
945|17
1304|15
1004|18
969|3
5964|7
10893|10
604|14
633|2
1485|14
1257|3
3154|7
8104|10
3129|19
893|2
7941|9
7600|15
7300|1
5116|16
2523|14
2007|15
3146|4
5660|15
4117|18
8770|9
10178|15
2330|6
5458|3
6951|9
44|5
9224|11
6962|17
7558|10
6202|5
9197|1
4109|1
8172|5
947|12
10063|3
7587|18
4844|4
5607|14
10866|19
8534|9
3252|2
10175|12
3434|5
7371|10
10650|10
11223|10
10032|12
10448|16
10353|8
1149|16
4139|8
6956|12
1542|4
2934|7
457|3
239|14
3345|16
8246|6
4922|2
6758|10
5617|11
4855|13
2141|1
11106|6
1768|7
1391|16
5823|16
3610|2
7219|15
637|3
3236|14
8158|2
8376|11
256|5
7961|8
8414|4
545|10
7379|15
7003|13
1982|2
7019|16
1693|1
5164|15
5086|16
1860|7
1897|0
973|1
174|10
5457|17
2605|13
423|12
282|10
10234|18
872|0
1577|17
3511|4
2179|13
9724|17
504|13
8043|15
7128|4
9510|19
5641|5
2911|5
6325|15
11626|18
324|8
9401|13
2115|12
6112|17
8543|4
2914|0
9874|11
1557|13
7673|6
8495|9
10295|19
1228|1
811|1
846|10
1042|13
7791|14
11529|12
9085|4
2707|10
9059|9
9111|16
5648|15
8733|14
8757|9
10451|13
10322|4
6217|7
8934|7
933|9
2594|16
3187|7
786|2
6560|3
6920|8
10102|13
3528|14
5878|14
1392|17
8835|17
9330|15
6857|15
5872|0
3806|9
3327|4
4971|17
39|17
3661|4
2770|16
163|3
11588|13
11859|8
2497|16
10330|13
108|5
8485|2
6637|16
159|11
5270|17
10773|4
9068|4
5115|4
4467|2
3720|14
11610|7
1705|3
5362|8
6363|14
4834|16
1006|5
11053|3
2159|12
10482|5
8619|17
4226|13
4933|6
3435|17
10210|3
3711|16
3848|15
9902|15
248|11
8848|0
10815|16
1787|13
325|13
8489|15
583|3
6788|16
1240|2
4636|4
11390|4
10684|9
4272|15
5170|13
6023|15
10166|12
6876|7
6197|15
8925|6
9708|13
12326|8
3671|7
9026|2
3048|16
3425|9
7542|2
2838|17
11438|0
10364|13
9409|6
5186|2
9244|12
1109|5
9113|6
1354|11
5533|9
2087|16
9455|0
10274|3
1052|12
4511|15
7142|4
76|4
6360|14
4501|13
836|6
4092|6
2150|10
9925|5
826|13
3970|14
1806|4
9907|16
2565|17
7851|12
8669|19
3926|3
2188|12
7004|12
2576|17
101|17
3270|9
4698|13
7224|4
10015|14
6231|14
9350|3
1250|8
4258|6
2789|15
4875|14
1881|19
3336|8
5595|4
11025|17
782|5
4398|11
4505|16
1097|7
4671|3
189|10
1501|13
11493|4
9732|15
2355|14
3037|17
6182|16
525|14
4229|0
8205|10
10223|16
4477|2
7052|3
11769|8
2029|4
4110|4
1828|6
3745|9
10636|4
1248|3
7191|1
5469|2
6646|10
8921|13
8690|7
8789|14
10096|6
11171|17
11022|17
8207|16
10848|9
7823|11
7367|0
5000|17
4882|17
4575|12
4217|0
1405|5
2470|16
5502|2
6794|11
1775|13
11637|12
8188|18
111|2
4320|0
7741|4
1256|19
11464|17
11104|3
3876|9
10827|16
2563|2
9215|3
6183|15
1831|10
6684|5
407|15
8954|1
4283|15
579|17
4743|18
11905|8
8666|17
8631|11
642|15
9808|10
12248|18
9200|2
4456|5
378|18
2133|13
224|15
787|9
1856|3
4299|17
7254|8
7801|6
6124|13
9104|15
10635|8
5106|19
5069|16
10929|15
3521|18
5622|11
5336|2
3064|6
2438|2
8717|3
1679|14
1933|14
9692|2
6094|5
9867|10
814|6
8986|3
3565|19
312|10
9718|9
6644|17
1140|0
9348|15
9027|18
1657|18
1810|12
7235|14
3974|2
6391|16
12621|8
1839|7
10741|2
11044|8
9851|14
2214|4
9963|9
9228|17
9219|6
2943|13
7712|12
2855|14
11243|16
7908|0
777|17
8675|17
966|3
5997|7
280|10
2515|4
313|18
3906|18
5807|5
9229|12
8149|2
505|18
11749|11
4579|2
6705|9
10148|15
8790|19
736|11
6999|18
6597|6
3804|17
6343|1
5864|17
3381|13
5655|7
1756|17
10262|13
9682|3
918|3
2184|14
10584|11
835|3
4647|16
8620|19
7026|12
5940|6
8684|13
7207|14
10790|17
8380|0
6415|9
4224|7
5567|8
4297|3
7595|13
7644|9
10215|3
4564|15
3004|17
8720|5
7865|6
12116|8
9397|10
3731|14
10323|11
9662|4
3641|4
588|10
10551|2
5555|9
4574|7
8304|17
6240|4
2560|19
10270|18
8498|16
4534|13
2431|10
5057|2
10710|18
7544|18
8843|19
7309|15
4410|12
1388|13
7419|7
3964|6
3841|3
2432|17
263|0
8730|11
10405|10
5602|10
11576|19
7093|5
11|2
7397|18
3568|2
6972|0
2284|17
1884|13
6153|6
2759|4
7825|10
7789|12
2830|9
9987|19
4055|2
7284|15
6554|0
3134|12
1153|2
2130|4
838|14
8929|12
4562|0
6361|16
3738|13
10785|17
1799|10
828|13
4599|13
9765|17
7896|6
8538|17
11071|18
10830|1
755|7
10822|13
2412|4
1612|14
211|13
8896|6
988|2
7736|16
949|14
12020|19
2842|17
5614|13
8411|7
3319|2
8508|14
8353|2
11278|3
1244|19
3131|16
9677|9
726|1
1104|14
11325|12
9903|13
695|18
2825|16
12774|11
7220|14
7459|19
10268|3
6828|10
1032|10
6631|3
8363|17
6401|3
772|16
2460|7
8199|17
2445|6
5770|18
4018|19
4289|12
10195|14
7240|2
7221|11
9729|16
10888|19
7937|13
2218|8
4586|19
8642|17
5382|9
11600|16
10920|13
7280|4
8042|16
9735|1
1654|8
10152|2
11079|17
3510|14
5905|4
8565|6
4321|18
414|18
9856|10
11159|10
11452|1
9626|2
4006|13
1274|3
10664|10
9387|6
3958|15
5870|10
9014|2
7515|3
11118|3
2849|3
7304|14
4119|4
9177|19
3597|16
2396|4
5944|15
6180|2
9671|0
5645|10
2953|2
9661|12
6706|0
4967|9
4182|6
514|6
9906|4
10797|7
7177|3
5207|11
986|13
4760|17
5439|15
9364|3
5058|9
4896|9
9779|19
11387|1
10826|17
6400|7
7483|0
3317|10
2904|2
946|17
11878|0
9529|11
7024|16
5192|7
5866|5
2056|9
391|16
9107|12
6289|16
926|4
9153|0
3341|6
2625|18
9088|7
10329|4
11180|11
206|19
7029|14
170|0
204|4
1232|19
5610|17
8108|17
861|9
599|9
8340|14
491|6
8916|0
10017|17
738|17
537|13
4436|18
3760|13
9574|6
4370|14
4046|19
8544|10
6013|12
7633|5
9614|16
6346|17
7193|1
6810|3
3558|18
3587|18
704|18
8686|9
4748|10
4921|2
8391|4
3571|19
9710|17
3723|16
6015|9
8665|9
10026|9
3431|7
7333|9
11317|10
5541|14
4514|7
5489|16
3689|13
1916|1
11788|8
5501|3
10435|15
7072|14
3482|5
8354|2
78|2
4426|3
7709|17
2465|9
7286|15
1282|3
9175|18
7465|13
3479|8
9023|16
1420|3
7505|13
12133|11
2639|10
524|17
7215|12
9174|15
6756|12
9877|12
2298|3
8229|17
944|3
3691|18
843|15
8322|17
7740|16
10140|7
8089|16
1017|13
2984|14
1721|12
1359|5
4031|3
11286|17
10404|15
1408|13
5062|12
3379|14
2877|4
402|16
9777|17
10948|14
8382|17
7340|16
6793|17
6642|14
1511|10
2116|19
5462|4
4769|3
10868|9
472|18
7435|13
2390|15
2344|19
336|7
316|10
8171|18
6006|14
5600|16
3611|11
9298|17
6121|19
6154|14
3781|14
2358|4
1562|0
2731|14
4083|5
6929|3
4452|12
10717|0
1424|17
9675|14
7586|18
466|13
10387|2
5448|4
3320|10
9442|11
2949|16
1117|0
7580|17
7687|14
2674|14
4036|4
2454|15
3595|5
7997|13
4928|13
1809|3
10585|14
2555|13
4779|13
6954|12
1339|6
6652|11
7811|6
6264|8
6181|6
4728|17
4654|9
3859|3
5093|10
790|15
9393|9
3975|8
7321|0
6651|10
167|19
10666|1
1141|9
10176|16
2389|15
10199|7
3732|11
9385|0
5201|3
8926|18
10856|7
5451|15
8876|0
1441|3
10759|18
8909|14
7592|15
7077|14
5718|4
1115|17
7833|7
9030|2
10249|13
10008|18
9855|3
3735|3
449|12
12072|18
10725|0
4528|16
7601|17
9250|15
4429|19
6698|6
2074|19
2673|16
1459|6
383|14
11631|19
7799|14
10808|16
1046|3
1440|3
1425|0
10938|14
3620|12
7067|13
2562|14
6485|2
5873|0
11033|17
4711|12
7096|19
5048|2
8566|5
6830|4
7035|0
1327|14
9838|17
5031|16
4742|4
7913|3
8731|2
9188|7
10617|7
6932|16
756|13
3615|5
5615|1
182|4
10723|4
6138|8
7838|0
1374|9
11179|9
5557|12
8613|8
6291|3
11428|3
10292|13
4233|0
12669|14
859|17
8337|9
8857|19
8228|14
1313|17
9337|6
11167|11
8142|7
8979|6
2752|10
10937|7
6723|3
5629|9
5054|14
1332|5
7059|14
364|9
9806|18
794|15
4235|13
9759|16
2677|4
9971|0
8446|0
432|14
1788|3
3101|17
11508|18
8854|3
10691|9
8576|2
5876|5
8200|7
8672|4
910|9
9946|4
2738|3
7427|17
11323|7
8424|16
9651|5
2161|16
6129|19
9145|2
1105|12
8967|13
7181|2
2369|12
11364|7
11196|9
2790|16
5742|8
3676|1
6102|3
6945|2
3084|15
1254|13
3803|10
8991|2
7441|16
6917|13
10637|7
3918|7
8436|9
4567|9
20|6
253|3
9461|4
6940|4
11465|0
3451|6
663|14
1615|5
3887|14
5885|0
5526|12
2324|17
12211|18
3930|1
1890|6
9780|15
1512|0
8315|9
3021|17
8288|19
11518|0
1694|2
1075|0
4680|7
8579|9
6839|5
6036|6
3927|0
2410|14
9041|13
3446|3
7212|15
6899|18
1680|6
5907|15
4079|7
6650|19
6988|10
10272|7
5990|3
2475|4
3118|16
2591|0
4995|2
4242|17
10824|13
10461|10
6593|11
9074|18
2268|17
3619|6
212|14
7137|17
9772|2
7256|2
6632|12
4515|3
10137|11
8267|6
4909|0
8105|7
2758|18
1570|8
11017|0
7583|16
10335|3
4186|14
2267|17
1414|8
6463|16
1665|7
9419|12
11015|14
2319|3
195|2
2540|14
4911|13
225|18
5810|8
8213|3
11731|13
2829|8
2102|16
1356|6
6002|17
3953|14
11357|1
8955|8
7169|0
53|2
9278|15
10517|2
805|4
3744|9
1515|12
9646|9
2889|12
10244|7
3914|9
728|6
4733|19
8604|17
1234|17
3551|2
7380|15
4894|11
6530|19
3097|8
8359|5
2139|16
9281|15
6860|7
1123|19
3644|2
10094|10
6982|15
5339|4
5813|9
128|17
11191|2
9284|6
185|9
3332|8
4400|11
9143|8
2729|3
8263|17
5030|18
3664|15
2091|9
3318|2
28|4
46|7
9373|19
7517|2
5989|11
4218|2
2683|16
2322|16
6395|6
9092|3
4587|8
4520|16
705|7
2633|14
9408|0
792|3
4810|10
3608|3
4615|3
1730|2
3550|14
1393|11
294|10
5321|5
6898|19
1924|15
623|12
6211|17
817|14
832|13
4585|5
413|19
11057|6
4076|19
1968|9
6216|13
10889|0
7252|18
10509|12
6213|3
1209|13
11019|11
12384|8
5183|16
8906|10
4953|3
10525|0
9440|17
10416|17
9162|7
2310|2
1135|8
7374|7
8244|4
3811|4
4572|17
11176|9
9214|10
9972|13
10257|10
1645|0
9869|2
11759|19
3954|12
3819|3
2414|9
2836|5
9700|16
1341|3
435|3
4451|9
2638|4
4992|17
7307|13
2016|9
5995|1
10367|16
4149|3
10515|3
7704|4
9679|4
9546|6
3631|15
1972|9
4011|5
3132|12
3481|7
8479|2
347|0
7194|4
4448|0
246|3
6666|2
8025|15
999|6
10695|2
4968|13
11183|9
7659|4
10833|0
7390|7
2888|2
676|17
8287|15
11111|3
654|10
9054|7
7671|0
1260|16
1864|8
2242|17
5308|12
8630|15
6092|4
780|6
9849|3
9234|7
4621|7
1963|12
4096|18
10254|14
6850|10
3455|8
103|13
2671|18
5921|2
6737|14
5843|18
8716|17
7718|7
7210|7
4545|7
221|18
9788|4
4661|13
3605|3
2147|2
10459|12
7538|9
3233|18
9891|7
10085|7
10611|6
4996|9
516|16
11628|0
10548|15
1794|5
11246|17
10764|18
7636|18
5345|0
4613|3
871|5
11189|14
9763|15
5261|5
5117|9
9904|14
6259|14
10505|16
2601|12
4525|9
801|17
7757|12
3777|3
8738|9
7812|4
6941|12
2213|5
2582|6
330|17
7758|4
9632|6
9850|8
6824|4
8787|16
9534|7
11718|0
7381|4
420|3
8965|11
3050|16
4099|2
8374|14
1988|0
7576|17
10531|2
7242|4
6849|9
1867|15
11414|1
1559|8
9876|3
9272|9
9913|1
8333|4
11084|17
6710|14
4544|10
2314|15
9347|2
7875|6
2865|17
4103|7
8167|17
5798|16
9118|0
928|16
10251|7
11137|8
517|4
1754|19
6579|11
3692|17
9826|19
5304|4
6905|17
3882|6
5025|7
5760|17
3703|14
1919|19
5887|7
4430|17
6821|14
10428|12
8972|9
5545|8
4080|0
4699|15
4339|2
3864|18
903|14
8752|2
275|17
4707|15
1176|16
12131|19
9973|13
9275|3
3933|5
7018|2
1817|14
5721|10
6326|9
2780|4
7856|17
11018|17
145|0
8126|14
11358|10
3098|12
1324|17
9610|17
4263|2
3498|11
10229|9
8497|10
10396|16
11817|0
4914|4
520|2
4363|7
4823|6
10793|3
4247|6
8145|3
5847|13
996|9
7665|3
8443|6
5351|13
10093|2
1518|5
4375|16
9231|9
8643|9
1055|18
234|5
5679|11
9744|0
4000|13
1285|14
712|0
1338|11
3127|17
1247|15
4508|19
11247|13
8301|4
2870|14
10677|11
3095|14
7916|7
11291|13
5725|11
1387|9
3389|6
1883|11
8080|3
5946|4
2529|4
3049|15
8217|9
5611|11
3941|3
6406|2
4872|16
2815|6
11072|0
165|4
3836|9
769|18
4020|13
3787|7
10134|9
7069|6
7496|5
7803|13
2693|17
1537|3
8165|10
8969|17
10316|16
8898|6
4622|13
5194|0
8065|19
6784|13
2034|2
4822|10
6392|17
9124|0
2627|8
1373|2
4323|8
8683|8
3885|11
2163|5
3459|3
2251|2
4841|13
6533|4
8044|14
260|12
7136|0
725|5
10688|2
5151|11
8813|3
6826|14
9699|2
3792|9
2908|9
10870|7
6128|6
7032|4
283|11
2779|9
7783|19
10575|18
3100|7
8237|4
3867|15
379|17
10279|13
11149|3
974|19
3036|6
1551|17
11841|13
2041|4
2937|10
9722|7
154|19
10614|16
7057|6
9004|8
8078|18
7195|15
11294|13
3699|1
5132|17
7559|15
9042|13
6834|19
2782|0
7108|3
10777|9
7818|4
678|15
8420|13
9267|18
8946|3
10885|15
7291|12
3877|9
5287|2
208|3
5871|16
7351|15
4869|1
11489|13
5528|17
4029|2
2628|2
4582|9
1194|3
6416|17
4016|17
5349|4
9098|8
276|6
8572|14
3130|0
4835|5
8975|0
3578|17
2364|1
1565|13
1920|3
6249|5
5341|7
3226|14
1714|16
9062|17
747|5
6120|4
9860|6
11285|16
2285|6
1494|14
7567|8
3957|19
8524|16
7574|13
6411|13
5028|5
10209|13
10483|11
4489|17
7828|9
10197|15
4560|15
8257|11
6908|17
7846|3
8317|0
11444|10
2060|19
8285|5
1124|14
140|7
670|16
7266|8
5369|16
11523|18
6000|4
7362|11
9304|2
1366|0
2249|10
7173|18
7428|8
9158|13
3858|11
7965|0
3698|19
11218|6
3249|14
5491|10
2821|5
4762|16
9152|2
5560|6
5666|12
5683|18
553|6
7061|13
10542|11
2723|16
7940|2
1483|17
7830|12
9587|7
11322|10
11355|3
1349|3
1207|12
5775|5
5492|11
3905|1
10228|9
9802|17
8049|13
5334|4
6685|1
11396|10
10967|13
10340|0
1947|9
10559|12
2742|16
1841|3
345|0
1056|11
10835|11
4871|11
1174|16
2744|18
10276|4
5483|2
1147|10
12767|8
5840|19
9290|5
6641|7
9912|0
2772|14
1574|5
4388|4
5149|12
8553|2
8491|13
2905|10
3891|16
2066|14
1185|14
4483|3
1084|1
5348|4
6493|3
10839|15
10144|2
4034|5
4790|0
8283|17
7814|19
5894|13
9355|9
8505|11
4576|6
4982|18
8251|5
1475|3
8115|9
5481|16
6730|13
4072|6
10381|3
1179|19
4757|1
8502|7
6505|2
8461|16
7510|12
3353|10
5315|14
7376|6
1674|15
6887|7
8239|0
5959|16
2065|14
7743|16
3869|3
10473|17
6009|12
611|0
9467|12
10447|10
376|16
362|9
4128|11
8636|18
7092|17
8403|2
9195|7
7880|6
3468|7
3628|12
4389|16
7679|7
2593|16
9239|15
4442|1
6566|13
11569|12
9619|9
5952|19
1426|4
9769|5
1849|0
9676|12
10681|9
9002|12
9005|7
9623|14
7260|17
2644|4
97|6
7248|10
8011|17
1595|3
10855|12
5036|14
4888|19
8378|3
150|17
6178|16
8815|19
8982|6
5479|16
2417|17
5157|14
7118|13
829|14
4088|13
1708|4
8222|13
476|4
9922|3
2479|15
5759|7
11423|1
9548|12
1630|3
2735|13
1676|3
8942|1
8211|17
5418|17
7492|9
4178|17
8084|2
3490|10
3728|18
1161|13
5723|17
5190|3
1015|12
4348|14
4405|4
1908|4
8657|17
7259|8
7097|12
10402|14
1281|14
11277|19
5191|9
6044|17
3596|7
6192|5
7253|5
2423|14
4413|13
3845|14
4266|16
2434|19
7790|18
1777|4
8123|7
9069|17
955|2
2933|7
10248|13
7389|1
2726|0
11217|19
8274|17
1696|16
4495|3
9370|1
4713|16
6944|3
2741|12
7205|7
2483|3
4471|15
10834|14
7409|11
5487|12
8308|16
1699|11
7491|13
10597|7
7476|5
5357|10
7744|13
4291|15
4801|15
5644|17
8347|6
2820|9
3371|18
160|16
8286|14
10082|19
5857|10
2903|16
4261|7
3034|0
6222|2
1853|5
8428|14
7573|1
9470|0
8560|19
8883|4
5145|13
7654|6
11533|10
9810|19
7179|3
5412|7
7668|13
2323|2
643|14
6345|16
9960|7
10676|13
723|11
10225|9
7480|0
10755|0
8680|14
6318|17
8005|10
4773|7
5288|0
5417|17
3750|9
7327|12
4866|5
3109|2
1724|11
589|1
9728|0
2558|9
11501|7
8772|14
2996|18
9190|13
5846|9
4150|15
11165|15
7342|1
9964|2
3227|12
6203|8
5805|4
2464|8
4990|13
5747|13
11304|14
8270|16
10130|0
3287|14
7746|14
9475|2
10588|10
1552|17
2504|12
660|12
5085|15
6501|9
6934|8
11010|5
3121|16
6614|13
2247|17
7241|0
8809|13
10136|4
2291|12
5975|4
7535|10
7779|9
9424|1
4015|14
7043|11
9701|14
3509|16
8435|4
11855|18
1442|7
1564|17
5749|6
1990|1
8701|15
8248|10
8120|0
10418|18
6647|2
10660|1
2553|8
62|6
8961|2
8995|10
3202|17
4356|4
7217|14
9316|8
2493|14
6570|17
6440|19
9443|3
11096|9
6866|3
9261|15
5152|12
8181|17
7648|7
8440|9
677|10
6476|12
3429|15
5150|2
10556|15
4196|10
6624|15
10999|9
4385|17
2745|10
3271|6
8547|16
5154|13
6397|7
4843|15
5272|13
3715|7
337|9
7858|12
6260|9
1449|14
4259|2
9634|4
10600|15
6402|4
512|1
8836|19
7360|13
6221|1
4978|16
6342|13
7446|11
9731|18
1992|2
569|14
7943|11
6396|14
1819|13
3730|17
7686|14
4384|9
11426|16
10958|9
2938|19
4097|18
5444|13
112|16
3705|3
2979|16
11996|0
11549|16
1845|2
6914|6
3968|5
4863|18
9359|14
2473|17
10916|1
11030|13
5070|0
1822|9
7141|15
4983|5
5700|17
708|17
1558|16
1678|2
10334|10
88|3
4293|13
258|14
124|4
8453|19
3215|18
11580|0
1875|7
1436|7
6901|8
3769|3
7110|4
12126|1
1568|6
2572|19
3304|3
632|3
9839|10
11255|3
5566|12
8656|14
7401|16
5829|18
5801|14
6136|7
6229|14
10072|12
6020|17
3734|4
9748|14
9000|15
4883|10
2940|12
961|9
352|7
2257|14
4345|16
4374|6
10430|15
7557|12
4394|9
9827|9
7243|3
8405|17
5986|13
3079|7
7816|0
0|13
6039|13
6315|15
8758|15
6947|5
2544|14
7237|10
9235|4
1741|16
11606|3
4754|4
6890|17
3518|0
2026|9
3465|4
5927|18
9583|6
2187|9
2238|9
9500|17
1887|15
1367|2
6424|2
7302|19
1663|3
2834|15
5832|0
4024|16
3463|12
5447|17
215|3
5684|11
3979|17
3886|4
2579|3
7598|3
4538|19
4236|0
10450|11
10577|12
38|17
5958|15
940|1
627|11
6695|2
9570|8
816|17
6198|12
1411|5
12137|18
8512|1
2964|11
4251|13
4273|15
7906|11
1060|1
4035|14
6733|17
8085|7
8837|15
7909|16
937|13
3124|13
9931|9
2706|9
2305|18
3898|16
3594|16
8556|3
3461|16
3805|3
4377|5
1603|3
7719|17
745|16
1159|0
9140|2
2269|13
415|7
6433|14
10|10
6296|17
716|17
3023|12
7939|19
547|7
3147|9
137|6
6024|19
8810|18
3506|12
3083|1
1639|2
11173|17
7617|2
10763|14
645|9
11298|1
2132|5
11123|3
156|12
4836|2
10703|13
4799|12
486|9
6992|10
11729|1
7605|13
10837|17
10679|17
4815|2
10420|9
7420|1
3637|10
7842|5
5933|12
9984|11
1792|16
5210|3
7282|4
2125|19
2339|7
3552|15
431|4
3533|10
8006|5
4176|7
6886|7
2600|10
1275|14
4839|15
4797|10
3678|11
4503|10
8776|10
2718|4
6041|14
244|3
2700|6
2031|14
690|2
10533|13
6242|17
219|1
2508|13
10370|13
1834|16
5177|7
7288|13
6403|16
550|17
10030|2
3585|17
12250|8
9203|12
2655|3
898|17
4984|19
298|17
3556|0
1503|4
5745|15
5475|13
9386|4
4563|16
4965|18
1535|17
2283|13
5393|13
1917|18
689|14
1028|17
8370|9
3800|12
3910|17
2027|13
1255|5
3701|4
16|9
5081|6
775|3
5705|4
6164|16
1267|17
1824|4
7606|19
7877|15
9501|14
10457|10
9880|4
6494|4
3648|0
3044|10
1740|13
11110|3
2611|2
2411|13
9289|7
10992|1
5531|16
9168|18
57|8
9944|4
9047|2
5019|18
5015|14
8936|0
4607|3
3366|7
11424|13
3284|18
5364|12
6425|5
4019|14
10608|19
3726|19
1233|15
5206|10
6759|15
7780|8
1162|11
7735|16
4828|2
682|9
4161|9
3497|1
11473|18
9307|3
220|11
1912|16
1310|13
8486|14
10942|8
2819|3
1182|7
2533|11
4404|3
12005|19
3209|2
5253|17
6859|13
8650|2
5363|11
6732|19
4858|0
4032|2
9695|13
2061|19
3210|3
1022|16
3171|6
7620|16
7859|14
7273|4
10896|0
6080|4
4084|4
9285|13
11312|15
8090|14
11558|0
527|17
3245|6
2561|16
8922|3
2955|9
2052|8
11374|19
9793|14
7565|0
11024|14
2120|9
11547|10
8493|8
2692|13
5672|4
8875|13
6109|4
11568|18
4254|16
8033|8
5529|9
500|3
4461|4
8821|5
1172|14
8700|14
166|14
10068|4
4403|19
9164|14
10598|13
3388|4
2846|10
7328|17
1219|2
9800|12
4114|17
4399|17
6253|0
7867|4
7732|13
6414|14
4878|10
784|14
6607|10
7146|13
8038|3
8866|2
1062|7
7263|4
10470|16
8907|0
1132|17
408|10
10735|11
1709|17
5098|12
4069|10
7499|6
6779|5
6869|2
7487|10
7429|17
11772|0
3924|3
495|19
6823|14
8394|9
6638|17
6173|14
8801|17
4723|3
192|2
7501|16
4133|10
3424|17
8697|14
7355|2
9066|17
1134|2
7652|1
4126|14
4237|18
8242|11
7922|14
12362|18
1090|16
5113|6
7807|1
11459|0
11162|10
5432|13
8985|17
5558|10
3915|9
4592|7
12090|10
2868|5
10107|4
2545|6
7693|0
2525|3
4907|13
5833|7
5023|3
8484|3
2864|0
11062|14
5408|9
6330|3
6137|2
3174|16
5124|18
6599|14
3965|4
4415|14
6421|17
9422|17
3655|12
10054|1
9782|18
10003|0
3570|3
2947|3
7947|2
5326|9
10034|10
2654|19
5982|6
142|8
7678|0
1892|17
7395|15
2666|2
11764|8
5328|16
2145|1
5127|12
10009|15
7682|2
4282|4
5550|6
11272|17
100|0
6775|14
6766|17
5263|17
1805|4
3330|0
3911|10
6186|4
1626|2
285|17
2528|9
2841|0
3416|15
2443|17
6464|14
6490|14
6118|17
237|1
7835|19
9786|15
10574|13
9478|2
7223|18
2859|4
2394|14
1795|0
8193|1
7607|0
5228|12
72|1
395|8
7279|9
1643|6
11288|18
5609|3
7697|1
1585|17
2367|10
7924|16
5464|3
5908|10
1375|9
5951|10
9469|10
5118|3
5182|17
7954|14
2030|18
5716|13
1030|2
6381|12
11617|1
4722|14
4614|3
3396|17
1188|15
6581|7
8591|15
634|15
5180|7
5342|19
6273|13
2080|4
2272|16
10601|13
5941|0
5592|17
3718|12
2619|9
8098|10
10917|10
6362|15
8273|7
10930|17
7408|7
2566|3
8755|9
8330|15
9150|16
3383|11
9930|19
11021|14
9451|16
3837|4
1821|14
5943|13
4265|9
2189|17
2878|7
2363|17
3343|6
4846|0
3529|14
7604|0
821|10
11441|1
11202|7
104|6
2108|14
11094|0
5312|11
9846|9
7632|9
11590|18
4931|2
482|5
4392|14
3706|2
8131|17
5931|9
1039|18
7074|2
4857|10
2312|7
10091|12
6613|4
10306|7
2021|2
6508|19
7115|1
1960|9
12011|11
11229|14
1231|6
10527|11
11238|14
3486|18
6874|15
8910|16
3553|0
3932|14
1242|6
354|17
3020|10
4732|9
4561|4
10018|0
12060|14
2182|8
3111|10
8318|3
2927|14
7810|6
2228|0
6488|4
7907|3
9580|1
6255|6
2698|14
1237|16
4700|9
3339|19
3378|14
4296|17
4267|9
2658|14
9997|11
9184|2
3504|2
374|13
10400|7
6603|18
2097|18
9711|16
2025|3
2379|2
2550|5
6130|11
4108|7
381|10
5613|18
9217|16
3313|15
9325|16
610|18
2754|2
2009|2
4163|6
8177|6
471|1
2526|14
2015|19
10841|9
5121|4
3006|9
1991|0
6522|2
10243|18
7547|17
11295|10
7813|16
9464|0
612|13
8652|15
249|10
5992|12
10038|17
2295|0
9889|2
3854|17
8036|6
6668|4
10654|0
1225|0
5565|14
10647|10
1364|14
5701|12
5750|12
1997|13
9265|15
8575|16
9264|9
8152|12
6891|3
7935|5
353|2
701|1
2078|3
647|16
10771|3
625|1
638|12
7795|6
3278|9
2476|4
338|2
5482|1
4326|16
9787|17
6704|1
8756|0
3799|7
3067|1
2869|4
1027|12
6140|0
9742|15
11261|0
4337|7
10566|0
10641|17
7870|9
5751|1
1067|9
11249|0
2409|5
2616|5
7434|6
1125|9
1157|0
1517|3
8853|10
4610|1
11008|0
4827|4
10981|10
7176|2
4038|3
4158|8
6881|8
5284|13
2129|12
9361|6
688|3
5686|3
7761|19
3626|17
3266|13
5635|4
10697|4
10852|15
3437|0
9457|14
3484|2
8373|13
8201|6
9804|5
584|8
6042|9
779|3
8179|7
5241|2
11201|3
9663|2
8526|3
914|12
6648|0
9123|13
7417|19
9071|14
3094|14
173|12
3|13
10108|19
3412|18
874|7
3863|12
9426|19
8635|2
6025|15
2646|2
2194|17
2918|13
2811|10
8664|0
2148|4
9558|0
7942|13
7023|12
8240|11
7548|13
7156|11
9245|2
6079|19
596|18
3248|8
1974|2
4204|16
1358|3
5166|14
10161|6
9028|9
9672|16
2381|19
11404|19
11634|7
496|2
11234|9
6371|19
5484|19
6460|8
50|9
3583|3
4553|9
1656|16
4721|4
4026|6
6357|14
891|9
9135|11
8939|16
7554|17
4559|4
301|7
1905|6
8798|7
5808|16
9191|2
8608|0
4346|16
5534|14
9375|15
6278|13
4675|0
8973|16
8673|17
11102|9
8351|12
10706|16
1288|12
11302|18
2217|10
7902|10
1352|4
2073|13
6088|10
5869|7
11571|6
1361|14
3288|10
7041|8
989|19
2253|18
844|5
9378|14
8170|17
4073|7
5017|0
5945|15
309|1
6656|16
6842|0
4183|11
936|3
5624|13
990|11
4041|16
2446|18
6509|13
2241|18
4286|16
10642|4
365|3
9146|8
3367|14
7579|14
2875|13
2368|0
2899|11
2196|13
9720|17
3948|5
5736|5
5572|12
3432|3
4740|16
1681|19
3460|11
3265|3
7183|15
4264|12
7891|11
4497|2
9058|8
576|3
5480|2
6314|9
2585|0
11398|3
6837|6
1284|14
4434|12
368|18
340|15
6973|7
3240|3
4652|6
2180|17
2514|2
4355|4
4184|5
9622|9
6144|14
5675|3
11671|13
6048|15
464|14
2237|7
503|19
3649|5
1470|17
8040|12
2113|19
5778|5
1302|15
9852|10
5523|9
311|14
9093|16
6389|1
6667|7
70|9
8194|17
2857|11
7314|7
2872|8
4210|0
877|4
2346|3
10011|18
3903|8
5758|16
9293|17
4256|19
9187|7
3340|2
10131|12
2014|17
5130|17
9300|11
3375|2
437|10
8384|16
10433|7
1618|18
4239|2
4701|16
2103|3
9388|1
6686|13
10751|6
168|7
9072|4
9916|4
1519|17
485|13
9240|8
214|3
2547|13
5080|9
7368|0
7643|17
461|18
4705|2
8992|2
5165|15
5923|13
161|3
9516|4
7855|2
6297|10
9895|14
2293|7
749|16
10132|13
5346|3
541|3
8981|16
2681|17
6590|14
3112|3
5397|17
10266|4
3247|12
8568|11
4865|17
3452|8
4566|1
8593|13
8762|13
5094|17
12007|11
3801|14
9639|5
1624|11
9603|17
1045|4
4118|19
10622|16
6284|16
2659|15
8434|11
7400|15
8281|3
2005|5
7418|3
1634|14
5158|15
5229|2
6697|15
3833|5
5564|7
6811|12
7131|7
6964|11
3686|3
4048|14
7245|3
5238|18
10952|6
2371|5
4101|19
3283|15
6272|6
4767|5
1422|6
8812|17
4891|4
6451|7
5544|7
1020|15
2252|14
6313|14
10476|17
1460|18
7873|2
1782|5
6589|4
968|1
7884|14
2650|0
10311|9
7175|13
554|2
2422|9
6162|2
7868|7
508|9
3630|0
9273|7
2294|16
5653|14
4650|13
11036|17
10894|8
11466|18
1484|13
3942|18
4125|1
1764|14
3633|17
10662|4
2329|0
6001|0
2008|1
5072|11
5947|5
9105|8
10604|10
2181|16
4014|12
515|12
6792|17
10587|3
6468|12
5273|2
10065|8
1410|18
8796|4
2902|5
8531|2
10875|11
9414|15
9612|0
8350|9
4874|15
5659|15
11316|13
10441|3
7575|1
7188|18
3624|1
9211|1
11235|3
4976|13
1685|17
7126|19
1205|3
3232|2
7186|16
6894|14
10289|1
3264|7
10191|4
7218|5
8868|11
1701|0
5784|17
9539|11
4142|13
8828|13
5682|4
149|14
3582|12
5160|17
2503|5
776|14
3892|2
95|2
6047|6
4335|4
11271|17
132|15
6404|10
593|7
2117|7
3309|6
3080|10
4003|6
3075|16
326|17
7714|2
757|19
9755|11
5636|9
1923|8
1776|19
5138|7
3277|2
4482|7
1527|17
5633|4
9798|16
10941|10
526|13
5213|0
5962|4
11268|15
9533|11
3758|17
6143|14
45|11
5507|7
9009|2
9368|10
7209|13
4856|16
3072|8
4419|1
11853|19
7005|14
7615|14
2306|2
9530|13
10733|16
5862|12
3810|4
7932|11
8598|5
3940|9
251|4
9994|16
11785|8
5108|10
3872|6
8299|19
6534|0
4660|4
1083|9
10265|17
5578|9
1899|16
7403|6
6408|18
7353|5
4005|17
11679|12
2532|2
4435|9
7475|9
9236|4
860|4
85|19
10331|7
2407|4
4285|17
7966|9
1531|16
5731|2
9553|17
873|12
984|3
7281|18
671|19
4113|3
4502|0
11624|13
3909|16
819|1
2891|7
4328|15
4892|14
5830|16
7651|17
982|9
9179|17
9576|16
4144|10
978|17
3363|9
1664|12
10726|17
8978|13
5096|0
5195|6
9799|13
6049|7
9238|3
3822|6
609|17
4627|17
4918|16
7268|19
10648|14
3016|15
4148|11
5333|12
10596|2
3796|1
7184|17
9379|3
6455|9
8938|16
7416|15
8829|14
4853|15
2277|0
12381|18
8595|3
10423|19
9892|2
1579|19
4205|9
3776|0
11553|18
6354|10
7847|0
5256|9
6658|17
9986|16
4174|2
5497|10
7262|18
4197|14
1078|0
4487|3
8016|13
5389|12
11222|16
10286|9
6382|7
9920|1
1591|5
2992|4
10025|15
10099|11
3771|14
8093|1
1847|0
560|17
9497|9
133|4
3219|18
6527|14
9697|3
4371|3
8063|18
1295|9
9255|9
3716|2
7770|13
2278|1
11023|6
2211|16
4300|3
5061|7
8944|18
11204|16
11307|14
332|18
8980|14
4548|16
729|7
4694|0
12318|11
5401|13
3685|17
11777|0
10112|17
10366|12
8243|16
7910|18
11256|1
659|9
9894|3
8035|4
507|4
3346|7
7765|16
9101|9
4271|11
436|12
6959|0
5761|2
6355|7
6809|10
4453|16
3316|9
2797|11
8901|16
7468|5
10278|6
2584|9
6541|15
7037|6
1789|19
1516|12
6011|14
5251|9
7931|0
2168|17
1224|4
7113|13
4628|12
530|6
10386|15
781|12
6801|1
4798|14
7413|9
9321|4
2972|3
7698|3
5973|1
10700|4
7174|9
6702|7
10114|3
11690|0
2548|11
6716|13
9119|10
10250|1
7012|2
5890|15
8532|10
1187|14
6328|7
5225|16
4361|5
2912|13
5354|16
6375|17
7897|1
10794|15
1298|0
960|6
7971|6
3984|10
9252|8
9259|13
4777|14
6996|1
5576|2
6434|0
11711|13
4146|15
4424|11
8254|9
10858|10
7411|16
2941|15
8305|17
11004|9
2062|4
6576|3
4493|2
5319|14
9665|17
6432|15
7498|16
995|5
3199|13
5518|13
11009|6
9437|13
2474|9
7950|0
7047|17
5240|18
2042|14
6450|4
5932|9
2805|2
1700|16
2351|5
4673|17
11220|3
1622|9
11252|1
5446|17
10469|14
5935|17
4915|3
3473|14
3569|4
6119|13
12052|1
4523|17
3536|7
4877|17
6329|3
9192|5
1763|10
9151|16
1797|6
9593|3
11050|13
1832|16
11935|11
1136|13
10696|3
7274|4
6608|17
1942|12
6337|11
2787|3
3814|17
8713|0
10970|2
7296|2
6359|5
6172|3
3972|14
3311|6
77|9
3170|19
4338|14
7820|6
4746|13
10672|17
4552|9
5441|9
4727|3
10806|3
3092|7
8451|1
10486|3
2876|4
11430|0
2961|1
5818|16
9941|10
469|5
291|10
3573|17
8904|2
4292|4
10954|12
7350|15
2223|14
754|14
8714|11
7775|3
10163|16
1091|10
3008|12
9308|17
6334|14
5540|3
11378|10
266|7
3947|10
10540|17
9319|15
2993|2
3782|17
2776|3
6410|19
5407|19
10626|19
1510|3
4105|14
11882|19
9549|18
2994|13
3985|17
1151|16
2082|13
825|7
5082|12
8745|16
5460|7
6879|17
2845|19
3593|16
3307|14
4209|15
5386|14
3106|0
9246|9
10922|2
2469|15
2321|5
8258|13
9698|7
12217|18
4059|10
1802|8
587|17
11289|2
9625|2
2370|17
1753|17
10125|0
8013|9
5079|14
1492|18
7881|3
4813|2
606|16
6817|19
7338|5
1263|14
9122|10
5185|9
6711|0
10940|4
1034|8
4129|5
7568|15
9905|19
4850|6
1820|13
11313|14
6595|15
3755|9
7715|2
1894|12
428|3
10332|13
202|17
883|15
2383|7
6227|1
806|2
12059|12
652|19
629|13
2573|13
3559|17
9420|15
7151|5
9049|8
2678|9
9942|15
7700|8
6680|10
7045|14
9993|10
10775|3
538|16
1156|3
8581|12
1433|19
5104|1
570|10
8073|3
8132|7
19|9
11333|8
341|14
8483|9
7120|2
5713|9
9512|16
561|9
11876|18
2775|12
8463|2
6770|13
2233|11
4532|12
3609|7
1932|15
5353|19
5845|10
11706|11
4053|18
1186|2
3821|5
8957|17
9065|1
217|4
9514|2
615|9
10150|9
11680|11
9260|1
4761|6
5651|15
6332|14
8523|14
4833|14
2809|19
8127|15
5985|16
9466|6
9486|17
4331|7
3093|16
6276|1
1296|3
7563|0
5324|14
2340|15
7876|19
2519|8
568|8
8402|3
4735|2
6551|12
10305|14
7692|0
1409|17
5037|16
3540|2
10422|0
2435|10
9706|16
4257|4
2645|7
49|17
1458|1
3449|9
2263|7
11320|15
2197|14
7231|13
5471|7
2614|5
4220|10
8891|13
5889|18
5179|8
6622|12
3579|8
4171|4
9842|13
5226|3
9970|6
5978|14
5687|14
12667|11
12030|19
9331|8
9144|2
4281|4
1550|17
1197|14
1683|9
7993|16
9879|13
10389|19
2366|11
11722|18
2925|7
9128|17
4692|0
1177|7
1798|7
12095|8
1294|6
1252|17
10414|6
4472|0
5260|11
760|3
35|6
3955|19
12290|11
8431|9
1465|8
9956|17
2039|17
3563|19
10529|19
7677|1
7448|3
7634|9
11395|16
9953|17
8862|6
11192|1
1939|19
7836|2
10076|7
8506|8
7992|14
7129|19
4187|10
6884|1
4530|0
6621|3
9194|13
6769|0
339|14
9721|2
1532|19
2327|2
3273|15
7725|13
2362|0
7631|0
658|3
5521|5
2004|2
10567|19
7776|7
4674|16
5519|5
1520|13
7800|13
10077|6
2916|1
11514|9
12847|11
9750|15
539|3
4697|5
6797|9
9864|1
7938|16
7050|2
1216|2
2807|3
7985|17
4602|14
8030|5
30|4
10344|2
4396|5
4719|16
9369|10
9476|19
9887|5
4153|15
8019|4
5169|14
3995|14
617|4
9670|2
4912|8
10572|16
8342|14
5373|10
2494|3
9384|17
7289|7
8844|4
7049|5
5193|0
7894|14
4039|4
2201|3
5753|13
536|9
1238|5
9362|9
10214|1
94|13
9247|18
4499|9
1770|12
3987|18
7918|14
5674|9
231|0
3843|17
1073|9
8545|17
9863|9
4584|6
10546|2
11318|10
2740|4
10554|14
3677|17
4414|13
1432|0
8919|3
9589|3
10709|16
727|9
6919|0
9178|17
4443|16
2094|17
953|5
1155|16
5773|8
868|13
7518|13
9796|16
2607|10
11578|12
10659|9
10147|0
1946|7
9761|3
5831|6
4608|12
12594|11
3844|1
1833|3
5171|11
2235|2
2048|11
8290|8
6316|11
3830|14
11227|12
7934|6
11433|13
9565|18
8083|2
3254|5
5254|14
6923|6
3539|14
3973|0
9919|17
11224|19
8114|17
1376|15
11415|0
3902|5
5466|6
5084|5
8658|16
6366|0
4194|3
4378|17
8878|18
818|8
5804|13
5200|9
2831|8
562|0
1649|4
1871|16
314|17
8343|0
8997|5
11981|8
6550|15
7154|16
4206|13
2590|15
9357|9
2447|1
11377|16
2343|18
1416|15
8168|12
2635|0
1707|8
4637|2
5508|7
8514|16
8678|10
6669|9
3039|4
2033|18
5013|12
6295|17
6687|19
8345|17
3238|19
10399|6
2001|4
1370|7
3221|13
10245|0
4904|4
11148|8
3440|18
1986|19
25|5
4130|9
10606|16
6489|4
4391|8
1925|2
5711|9
3883|5
2847|7
687|0
9035|6
4851|14
396|14
9859|19
3108|16
10301|18
3978|7
1103|15
597|9
6820|7
10060|18
1648|4
8580|3
833|16
4221|2
2126|3
5298|16
6045|10
2353|19
9712|14
11184|16
7010|0
7571|11
6243|14
7088|10
5126|18
11389|18
9873|10
7444|7
3349|14
10393|13
6864|3
10438|18
9213|9
842|14
106|3
10231|3
2725|14
3632|2
8197|9
10805|14
3951|17
992|18
439|2
26|4
1690|5
8275|17
9521|2
7564|14
7470|18
1747|18
1504|19
10752|7
2569|16
11145|16
75|14
467|13
8834|14
5355|13
3784|4
2099|18
7667|12
2281|14
10373|4
858|19
5627|17
5970|3
7114|19
1334|13
1800|8
4309|15
6083|17
10220|3
8966|0
11034|9
1438|7
7385|4
11214|9
9473|16
9292|0
1956|14
6069|2
8818|8
2144|1
11239|18
8166|3
7893|5
8404|10
2262|10
1716|19
9007|7
1306|17
9640|10
1165|3
2165|18
9854|5
8623|9
86|14
6481|8
1617|6
7699|14
11136|8
1868|17
12386|18
3466|3
3879|16
9082|3
4684|14
7387|0
9494|3
6893|2
8112|15
9969|4
430|10
9809|18
10183|13
8964|6
7226|18
3622|13
8629|5
3737|4
10758|2
7383|14
5365|8
11343|12
377|2
10616|12
3181|6
4095|2
1749|11
10284|12
11075|8
8671|0
5189|4
9462|13
4669|16
11265|18
764|10
2621|17
6568|3
10783|19
6902|7
12702|5
10849|19
7695|12
2202|14
5396|19
8297|3
10891|3
620|9
555|14
2824|13
4225|0
9524|16
2812|12
4366|15
12031|11
9705|16
4970|17
4407|17
5884|10
1702|14
12053|8
12675|8
5916|16
577|14
10181|3
3009|18
10989|3
2882|11
9555|7
9785|16
8510|4
477|0
1050|7
6717|3
7155|16
10544|6
11263|8
1611|17
6168|5
6799|19
6673|15
1478|19
6841|2
8660|9
3015|19
10261|14
6736|3
4570|17
6931|9
4107|9
5670|4
603|11
10221|17
9749|4
2615|9
10653|0
5719|19
6037|4
3213|17
151|17
6335|0
6228|2
10939|10
10078|19
6062|12
1761|9
8091|18
10918|14
2071|18
6536|2
4609|6
7661|3
10347|6
2183|4
6795|9
5285|2
10084|19
11953|8
2176|12
11212|17
11109|0
5601|13
349|9
3748|1
1888|13
9001|19
8409|16
2917|16
6542|14
4360|19
7512|4
8122|1
2520|8
890|3
656|17
5642|19
216|16
3944|5
3855|19
55|4
6750|3
9751|14
7458|6
5010|5
5637|17
2215|17
4481|0
6610|10
8863|2
11077|19
8101|5
2408|5
1412|4
9354|17
6640|17
6177|11
10860|13
5071|15
3201|13
10324|2
3721|5
98|14
748|7
2637|11
4390|0
1331|16
3308|16
1048|8
8294|4
5142|9
3099|7
4332|18
7178|9
7007|10
10164|9
2969|7
9582|17
1029|10
2568|0
9406|17
11029|11
10979|13
11097|15
950|6
10552|10
1005|3
2587|17
8588|5
1258|18
6185|14
11554|11
6077|10
8993|9
2974|1
7976|17
10384|11
6356|9
9323|17
7962|11
10256|15
9436|10
3292|13
247|3
4905|4
2480|19
616|19
4854|3
8151|12
5204|14
1750|4
9568|14
7514|3
8728|15
9686|0
3590|5
10651|3
706|3
11367|0
1778|7
1189|1
4444|16
6169|0
245|18
3010|5
6280|18
1289|12
109|19
5056|4
6922|2
3562|14
9723|9
8782|12
10716|2
1448|18
1863|14
9716|17
1229|0
11040|7
4583|8
2299|12
213|2
7520|14
8292|2
1329|17
3237|17
3053|12
4061|19
6027|15
8882|9
10062|4
9958|0
1330|9
10036|8
9567|2
10690|7
1951|8
7755|13
7270|10
10066|11
848|3
10296|10
5924|2
3576|19
10056|9
66|12
8430|4
3027|10
6|14
8442|12
3119|4
4974|16
11861|19
4950|11
7764|3
7874|18
1380|5
5714|12
10179|9
8282|17
2806|10
6426|14
3263|17
1529|15
5332|12
5032|16
11956|19
9324|3
5764|9
6246|16
7359|12
5553|4
9961|4
24|13
10348|9
10813|0
6678|14
9216|14
758|6
9648|13
3065|17
5812|7
10192|0
724|3
5306|19
2216|10
8607|2
8691|8
10680|4
3225|7
5702|2
2000|15
6875|4
885|3
11341|19
2037|0
12073|19
10121|1
10728|0
7578|1
462|17
9274|17
11512|0
7905|4
3997|14
1758|18
5654|4
7467|7
4784|3
6073|9
4803|8
9746|15
9201|17
3399|19
2072|14
7738|13
4124|8
2948|13
8746|12
5358|0
7054|17
7772|8
8198|15
1307|14
6210|17
5161|9
5537|14
2050|5
11401|16
1203|7
11216|14
4376|5
10169|7
2079|5
6269|11
2687|11
6282|8
8355|14
3672|17
10027|3
1480|17
2664|8
8970|13
12087|1
229|9
2617|19
8327|2
7798|3
4581|3
11067|17
8792|4
8357|2
7414|7
10155|16
10269|13
4121|8
7039|0
7410|17
7324|8
2705|2
6978|7
7649|10
9669|7
9730|3
10913|7
8990|16
9791|19
6258|13
2963|0
5413|14
3260|2
1653|18
6727|13
10088|0
3823|3
10766|6
5824|17
3894|13
7305|4
6516|15
10463|13
4440|15
6175|18
2691|2
4789|17
1280|17
1631|17
7506|0
7461|5
1466|14
9356|3
674|0
922|14
3544|16
582|14
9584|9
8895|10
3753|13
2485|8
5496|1
7860|11
2100|8
6960|0
6937|8
7366|14
4956|3
5330|1
10226|3
6195|13
1848|17
2499|14
9314|16
11368|15
1036|0
2537|3
5352|0
4170|6
831|16
3471|6
5788|17
9883|14
5068|10
3707|11
1384|12
9432|4
10719|13
7979|7
4290|17
373|6
5055|16
2785|4
12048|19
7503|17
3660|18
4344|7
9025|9
5209|3
573|16
2198|7
11016|6
4778|19
7878|17
3203|15
6099|17
9241|18
789|13
10838|7
5018|5
7626|1
281|9
1543|17
3293|0
10431|18
8885|2
5431|8
1900|19
10327|14
11163|0
2774|6
3411|6
8259|15
10890|1
12599|11
4619|14
8874|10
9505|3
3387|14
9653|0
7948|14
2722|17
10876|7
8536|12
8786|2
3812|9
6744|9
2713|0
1210|7
4626|14
1948|0
3991|4
5953|3
7690|18
8774|12
10194|14
1312|19
2333|5
10039|12
11640|0
10990|2
2769|11
5376|3
8530|4
7888|10
3295|2
323|3
2632|10
8542|4
1549|11
7196|12
4695|2
5246|3
12203|8
1427|17
9129|4
3881|15
8278|17
7089|6
778|17
9550|13
5882|0
3860|17
5661|8
1369|13
5498|12
6263|13
1985|4
8072|1
1735|16
7489|15
6500|2
6331|13
6774|6
3780|4
5374|16
9557|3
6161|15
9881|2
9312|9
1970|11
10129|17
3472|10
6147|19
2791|2
3329|10
4802|1
8941|15
5318|10
4648|12
6671|11
3120|5
10177|16
2854|18
5337|17
8156|19
8139|14
6271|3
9270|1
10016|6
8238|3
8398|5
10083|3
5343|12
12256|11
5552|5
8159|13
5366|2
7745|14
2378|5
3448|5
5768|6
5429|2
2069|4
6122|18
6615|8
9837|14
9341|6
10645|9
4255|3
2075|19
11791|17
11445|16
1439|3
10945|19
10492|15
8737|9
11207|17
2264|3
1211|17
5203|4
2701|13
3826|9
3056|4
5340|11
1259|9
1926|13
196|17
1328|16
2112|19
1975|8
8252|10
4111|2
9739|6
6014|17
1241|15
6981|19
6845|1
7436|15
3031|1
6016|10
8513|9
10258|11
11370|10
10745|4
305|13
9013|14
8348|10
6319|19
9468|18
7539|2
7014|12
2221|8
2250|13
5435|1
3651|9
8763|13
10156|13
820|19
1000|3
4401|12
6741|4
3871|5
10241|13
10211|13
2109|16
4556|16
9106|4
3160|6
8945|2
11269|7
1666|10
2942|8
7837|19
1407|17
7886|14
3928|8
6207|19
3001|13
11091|14
5704|13
3274|16
2300|1
9110|18
714|17
1023|5
1102|13
468|0
2513|2
8586|6
9674|13
11117|11
543|19
1803|4
11819|11
3966|10
2512|6
497|16
10151|14
10946|4
6100|4
11158|19
11066|19
4145|9
5233|18
10914|15
1786|12
7438|11
11587|11
3700|11
11203|8
1522|3
10975|14
8026|6
3279|11
6091|17
6952|19
2392|8
2924|14
10639|5
6447|14
7729|6
9976|16
8654|3
9132|13
4929|8
2222|11
11781|18
938|4
2385|14
1198|18
1940|11
3870|10
4091|6
4831|10
8178|0
7645|4
3542|6
8031|18
10471|15
2574|15
631|8
9276|6
8900|9
148|13
7122|2
1068|12
11778|8
9538|4
10050|3
5216|19
3577|17
2944|14
5370|3
8377|11
6670|10
4751|8
8249|1
6167|14
2477|19
9301|11
7028|4
7345|9
4162|13
3055|14
10669|17
1528|19
9536|14
17|5
7926|7
7523|8
2360|0
3359|13
502|13
3012|15
5632|13
10814|11
1276|1
3030|4
2119|13
2956|12
8481|16
3200|3
6150|13
6340|0
4393|2
8537|6
2395|11
6649|18
10924|9
2507|11
867|3
9463|18
10383|7
7227|16
669|19
2960|7
3923|9
10661|0
3217|14
7531|14
9309|15
2051|3
4805|14
5998|15
9967|14
2135|1
1766|12
1801|14
7980|14
3028|3
11175|16
4986|10
7160|5
96|13
7201|6
11324|16
1474|13
9591|18
8369|17
10707|19
10993|14
4319|9
11499|11
7850|0
934|12
6171|6
7722|5
1945|2
6865|18
3560|17
9169|5
9833|19
5143|0
9911|15
7225|18
9719|18
6268|0
5388|3
1829|4
5752|17
884|19
773|15
8362|4
2685|5
4093|1
6422|11
10075|16
3832|16
1049|8
6572|3
3717|18
6384|11
8663|16
3022|2
8057|17
10351|3
5153|18
2229|0
1394|19
2767|18
6347|12
3647|5
3218|0
3665|16
1596|15
4906|7
919|17
2085|12
10932|13
5827|12
6818|9
1604|19
5929|13
2976|5
3907|11
5163|17
1077|18
7452|14
5060|0
6888|10
297|4
421|0
5381|4
10804|17
4500|9
238|17
6926|12
10883|14
1316|9
11143|14
5585|0
11233|19
169|1
4439|17
11925|11
1487|18
2386|16
1523|18
10812|3
10371|2
9836|6
5410|19
598|3
7001|12
1363|11
8062|19
138|0
4549|16
7529|17
6789|17
1637|19
2402|2
292|7
58|3
3162|11
5325|0
11632|19
2057|12
2852|13
11934|0
7737|0
184|10
5757|13
6132|19
1903|7
6720|14
10921|15
9450|11
10280|7
4708|3
122|4
10315|14
6096|2
5092|16
1760|5
6176|9
7640|9
10092|19
6372|16
4476|3
3722|9
4812|12
4450|19
1095|14
4624|0
9242|13
8344|12
6052|12
489|13
2510|16
7778|6
5249|7
6829|18
1941|17
2311|10
4383|7
6007|17
1253|19
1744|4
8241|17
4240|13
5692|3
1243|19
5147|14
6868|14
3408|12
5290|17
10605|2
11536|13
1628|18
1965|13
4191|12
8215|5
11296|18
8422|5
6351|16
4677|17
2792|17
10718|17
8236|13
8735|9
2795|13
2828|17
1605|2
6783|2
5728|10
8439|1
8032|2
8383|2
8525|14
2804|6
9561|6
7443|13
10206|9
203|4
8852|19
3534|19
2539|0
5594|4
6212|18
175|17
11686|18
5421|0
7319|2
6525|5
7124|16
10310|10
4659|13
5896|14
9664|4
7347|3
6524|0
8212|15
3507|10
733|15
8356|13
5295|10
11188|2
7358|12
1733|6
6753|19
5918|16
519|10
11975|1
4211|14
7415|7
11761|18
2292|13
1668|9
8319|4
12|2
230|18
4470|5
5618|9
5004|8
8107|17
5297|11
5859|3
5007|6
766|3
6101|7
1994|15
8190|8
605|15
10458|19
5915|17
2730|9
4116|13
9061|8
8614|6
9205|2
7996|7
8039|15
3230|2
1072|3
6843|9
3847|5
2906|15
3575|6
4368|8
4580|4
6535|18
897|1
9398|7
5638|13
6053|2
9537|12
7334|2
957|15
5156|4
1144|4
4625|18
8563|8
1080|2
8515|0
1230|0
7182|7
7094|15
9572|19
5064|2
1482|13
438|14
6946|1
3397|7
411|10
4955|4
9888|19
1757|2
2606|10
10980|18
9659|19
12689|11
3088|16
5221|6
10656|2
2224|14
9857|16
4755|17
10401|16
42|18
6158|16
6223|17
8303|16
9685|0
4085|17
9828|0
10974|18
1452|14
6338|16
10035|2
3625|17
11032|0
11065|2
8741|3
10963|2
5123|11
8480|8
3235|13
1031|18
5311|0
3977|10
6639|17
3395|12
5051|10
7890|18
8927|6
1521|3
8464|3
3081|3
958|5
6241|8
433|0
5291|9
1167|8
11661|12
2814|14
10670|6
4825|17
7421|3
5838|3
4838|12
10318|18
7945|4
8124|4
11474|18
1636|14
6466|11
1431|3
9815|15
3253|0
8500|7
8265|17
6745|6
6970|3
4379|13
8870|10
2309|2
1303|14
9095|16
11857|8
4820|2
2246|19
3428|11
4459|19
1876|12
5107|4
5211|6
9598|4
6726|14
6252|13
1343|3
7402|13
6471|2
4718|19
4230|9
3285|0
1736|5
4152|14
1814|17
4421|6
11520|10
71|9
4062|15
4764|10
691|5
8316|17
146|15
8963|10
11725|18
4635|4
4808|13
6270|0
6288|18
8417|2
11336|0
11135|3
4893|14
10871|14
304|6
8601|9
655|5
4623|6
8336|15
11219|0
4245|13
11287|15
4215|8
10949|7
11144|13
6518|16
9702|0
9617|19
5776|1
1796|9
11393|19
9339|13
8266|14
5426|0
7079|12
2684|17
6480|9
10355|2
10784|7
11253|17
763|3
1038|18
882|14
3920|7
1980|3
9909|3
4758|12
8051|16
5621|14
3062|12
5283|4
1107|3
1651|0
359|18
3298|3
10187|19
6005|17
8460|4
4458|4
10817|12
2170|17
7091|4
4651|16
2158|8
5596|6
270|13
10172|17
11038|14
11797|13
4594|1
7222|9
1451|11
3163|0
1818|4
3802|16
2762|5
2935|16
4513|10
4138|17
7405|10
1299|12
698|13
10748|4
6712|12
2200|0
8914|3
9395|15
6827|19
6863|19
5234|2
4071|18
9381|16
4747|12
6336|16
4075|2
193|12
7872|6
4734|0
3136|0
7166|11
7046|3
5282|7
759|19
2832|7
6616|9
1949|9
1727|4
10521|14
11653|13
7030|12
3890|19
1395|7
3992|0
351|10
2527|4
7170|16
9620|12
1546|13
3581|8
9045|16
2156|13
5739|19
5903|3
9480|0
7619|0
3503|13
2986|0
2764|8
1508|3
10732|6
5428|17
10788|7
1308|15
1446|0
4222|0
10956|19
7187|10
6159|19
3142|9
4902|9
210|6
9411|10
1858|15
7748|5
4314|15
10968|18
4040|2
11095|14
639|17
8806|17
9315|5
4250|2
5570|6
6344|0
10757|18
10138|11
8306|4
546|18
4714|14
8555|14
2850|17
3052|14
6882|3
6965|10
5477|3
9753|11
9182|19
12375|18
222|9
7530|2
10328|5
4557|14
10864|3
6066|14
2146|1
1593|4
2928|18
2032|0
4913|14
11045|13
2127|14
233|2
358|15
427|0
3442|0
10128|6
10625|17
1378|8
5248|3
9453|14
2968|14
9233|14
8797|7
10953|12
1283|17
7449|14
6399|14
8589|15
6065|9
8175|4
10019|11
9269|6
1396|7
6115|6
7793|13
4826|7
3554|13
11440|3
3566|7
3713|17
1996|17
9649|5
6472|4
11361|11
5574|13
9974|3
7637|19
11539|16
4068|19
1995|17
3051|18
9868|6
9951|14
10983|6
5703|5
7569|14
6305|9
363|19
4352|12
7105|14
6030|9
10352|17
9394|16
4454|5
2387|9
6283|17
11527|16
9597|11
9185|16
1513|3
5473|14
9257|10
797|19
5900|7
10238|16
1959|2
10487|15
5175|13
892|18
5472|8
7153|0
3601|2
875|1
8725|4
3746|0
3157|8
7320|6
6470|10
10674|16
1835|0
2990|19
7680|7
1509|14
3206|16
10655|10
2743|7
4897|5
653|14
9227|11
385|16
5474|4
5956|15
11254|0
10842|19
10429|17
8807|5
6387|16
1345|14
492|15
6991|12
9616|2
5452|4
7036|9
7407|19
5361|8
2403|14
4771|2
5134|2
5688|13
11454|11
10227|14
2689|17
8820|11
5125|9
11069|14
1137|14
9817|2
1545|11
9413|12
5105|11
3762|19
9621|7
3195|14
11068|15
2152|10
11477|7
289|15
3618|8
5257|8
6521|17
7952|2
11689|18
6831|5
8232|13
344|12
1836|17
3068|13
8055|14
1563|3
912|7
4881|14
9389|18
7180|15
6477|9
9282|2
1869|13
115|7
7261|12
10167|10
10705|10
4380|2
2121|10
5591|3
8050|0
11138|2
4411|2
1584|12
5067|2
7840|13
11194|3
9628|4
5942|18
10595|3
1336|14
6975|11
9079|14
2450|4
5673|16
6448|17
4926|0
6515|9
10761|0
8800|10
5316|2
7923|17
8070|3
4630|6
731|14
7384|15
10409|0
3733|11
7488|7
7560|3
4979|2
977|17
4022|6
6662|18
1473|10
592|8
4800|3
3091|19
6214|17
8527|9
5430|4
10734|3
3969|13
10631|4
1108|7
6762|5
2626|3
9039|4
9130|17
1081|16
7694|0
3222|9
3670|14
2137|7
7927|12
1838|12
2436|12
4819|17
534|14
9496|17
8008|19
6816|16
465|14
5453|16
2090|18
4506|5
668|4
3194|19
8157|17
9302|14
11083|3
3695|8
10369|1
2270|7
5996|16
9206|16
2926|16
4770|11
6374|14
6286|15
7982|4
4807|5
2763|10
11881|0
11834|8
7635|8
7685|10
7144|10
9520|19
9579|13
405|16
7809|2
11716|2
6591|16
1491|17
2704|4
91|8
1807|11
5786|14
254|7
8014|16
6452|18
2207|19
493|4
10731|5
4837|17
242|5
8886|12
10621|19
1291|7
11108|19
8867|5
5616|4
3214|18
10320|17
7158|12
10947|4
7316|10
3850|3
9021|17
3401|19
2516|9
7946|14
1937|18
10884|14
7788|9
1212|18
6862|11
8140|10
10832|3
5014|19
10185|16
306|13
8682|7
2105|9
7863|12
9754|13
1069|13
10928|7
8185|10
8795|14
7230|19
3216|3
6364|7
392|9
6385|14
8184|17
901|9
7618|13
916|3
209|12
621|19
79|9
10201|8
6633|3
8880|3
2800|15
5148|15
8583|1
6226|12
23|11
3614|5
4358|11
8917|14
8487|2
11603|0
10442|15
2663|14
7805|5
983|17
4709|13
11258|3
8943|19
1554|1
7852|11
4795|10
2456|6
5794|10
11668|0
5817|13
6612|17
355|2
6245|1
4691|19
11011|9
10701|11
3105|17
5139|17
5020|2
3255|18
9434|0
268|17
1957|13
205|4
5005|18
6498|10
8521|17
7707|19
3522|12
10607|1
6653|9
5269|16
8323|5
4936|14
3538|12
5404|16
7696|13
5938|7
752|16
2038|18
4447|10
5772|18
8803|15
7621|13
10580|12
8808|13
4104|13
10887|19
8280|6
3483|17
2210|19
5144|6
6061|3
585|17
7481|19
2945|0
1644|17
7792|2
2995|11
10811|14
8058|2
10300|0
8777|8
87|19
1158|3
478|18
3045|4
5208|15
7095|1
1266|14
5819|0
9363|9
2288|0
822|17
2256|16
2652|19
9458|5
5821|7
9114|10
4437|12
1270|0
4717|12
8155|6
10973|19
4432|9
8346|18
11147|13
8074|19
7929|0
1931|1
6747|5
3866|4
7317|13
4478|3
6302|11
4925|6
8028|3
3207|1
356|12
952|7
1978|6
807|14
2017|15
4972|14
7509|3
1063|19
9752|18
6699|17
1927|5
8625|13
11575|13
3458|10
10610|15
1816|13
3384|18
6997|4
613|6
5991|5
6994|18
8871|2
7541|3
267|9
2495|17
10943|7
1249|9
8950|19
8618|0
2530|14
10437|1
6292|0
1534|2
1435|18
7432|10
1321|0
7450|13
10064|9
6086|16
5097|3
2271|5
1687|5
5399|17
7747|16
9056|14
8335|16
10915|3
3182|17
9204|2
1592|7
8041|9
4357|3
2748|18
4726|3
959|16
9336|3
8312|19
3679|2
4094|4
10242|6
10957|6
5467|14
10801|9
10260|13
11134|15
3342|5
6035|17
93|12
120|16
6320|5
11402|3
6974|12
8210|12
2768|0
11113|12
1471|18
1779|17
6473|7
5937|17
9624|2
744|13
5898|2
10481|9
521|6
3959|3
8326|5
3791|13
7613|18
9342|14
2124|3
3790|15
6873|17
5795|0
9343|3
3402|13
8698|12
10372|13
2428|10
2542|10
3697|15
2570|6
6353|18
11225|14
4330|15
5083|14
5515|17
4227|8
6200|9
2618|15
7751|13
3296|14
8971|1
3768|6
4638|18
9841|9
8902|17
10294|6
1773|15
2384|14
1667|8
5278|16
5577|7
788|3
8924|17
575|8
9036|6
1967|3
4188|9
11691|13
4350|8
5543|16
11483|18
5136|6
2153|11
1825|5
12228|11
964|17
850|17
10255|16
12047|0
8253|3
3912|2
8450|7
6155|12
3613|19
10263|8
8141|5
8541|4
9345|11
7445|17
9781|13
10208|0
896|8
9170|2
6070|8
10536|17
10103|4
4353|17
522|5
480|0
10627|15
114|14
10750|13
3351|2
1190|15
9726|4
3982|10
2676|18
1886|0
3390|17
3574|9
6672|7
1499|4
9488|2
3681|10
6571|4
9528|12
10640|13
278|12
2164|17
911|11
5957|5
9125|5
10850|9
5542|3
5741|17
10494|14
10408|13
683|3
10518|19
6034|16
7325|18
10892|3
10905|12
6575|15
5205|17
6840|14
8587|9
4120|0
3149|3
1958|3
1217|16
5590|5
59|19
9681|17
9647|13
9351|11
4821|18
1983|0
5720|7
11458|11
10061|15
65|7
10321|17
7375|4
2915|14
8850|12
7591|2
7553|7
3054|15
9807|2
8600|9
3220|13
7689|16
10349|17
10619|17
1223|12
4529|18
7959|16
3650|3
9380|17
7739|17
3140|3
10122|9
10903|19
6303|5
4729|3
7597|11
4336|17
3197|5
1300|11
6017|17
3103|14
8644|19
1455|2
8260|10
2482|12
10375|18
4934|15
4998|7
10040|17
9335|16
552|13
171|2
5016|13
11041|15
2803|19
5040|2
7134|7
8634|2
7464|19
4657|15
2231|5
8947|8
10308|13
10216|2
5790|13
9008|19
9991|9
2036|14
1783|9
6506|12
548|11
5299|14
6734|13
5003|17
6998|11
3817|3
6930|9
10045|19
226|16
2535|13
10649|19
8905|10
9115|13
5310|3
5856|12
3808|10
10377|3
7975|16
4641|12
7723|15
3040|15
2538|17
398|19
1873|17
5785|3
8144|15
8061|14
2987|9
9564|1
3290|7
5536|8
10553|10
2356|9
10779|15
8379|0
10760|2
11319|7
10081|2
9089|9
5559|10
10687|2
5681|4
6055|7
6323|11
1003|13
7711|7
1398|16
11681|11
709|3
9165|2
3485|16
7336|13
7708|14
11070|11
10538|15
9715|4
10394|11
3115|12
1053|8
2543|19
1037|7
8849|17
10087|0
5902|5
6012|4
10200|19
7472|15
3228|14
5789|13
10829|18
10293|13
5218|4
10634|9
3259|16
11103|3
3179|12
9126|3
2887|17
10853|17
10897|14
1226|17
3141|13
7500|10
7430|13
864|13
4604|6
3766|9
1633|17
8888|10
241|1
6592|12
8842|0
11043|15
8143|17
3350|9
7386|15
3657|3
10290|9
662|1
4571|2
7995|10
9885|2
5140|3
27|15
10357|16
10466|13
4899|1
3073|14
8621|7
4681|4
2771|3
5972|2
10453|7
9949|9
2092|19
971|14
3365|5
5033|19
8915|17
9060|9
6782|7
2863|15
388|15
4993|15
4341|19
9629|6
9660|5
5999|4
11206|9
1170|11
7106|17
9031|16
8949|6
9627|9
3433|8
8466|1
293|17
6441|9
10976|10
6219|6
1556|3
939|17
6625|17
8462|1
8838|4
3167|15
5360|14
8214|7
10667|4
3736|2
5436|12
9526|7
3025|8
3117|2
6484|0
11200|13
7973|17
8653|16
863|17
12021|11
3795|0
3368|14
8540|17
2848|0
7834|17
8276|11
7135|10
6513|10
2970|3
5897|4
10415|16
10512|2
8781|5
7570|16
2500|13
9|0
5461|1
484|2
9950|11
5049|17
8610|8
2873|6
7684|5
9489|2
4198|18
2020|3
8076|9
8864|6
11155|9
6438|3
3557|9
2751|15
315|16
1467|2
793|12
636|4
5888|6
1106|13
448|19
2950|4
2337|10
8928|2
6230|9
5656|11
7121|13
5733|2
581|11
3464|14
8017|4
10222|0
11816|8
4794|14
11741|19
490|5
5963|14
6435|15
11112|8
488|14
31|17
1444|16
5850|12
6517|19
10874|9
8766|5
10820|17
7125|9
4223|9
10472|14
5608|1
3524|0
10857|16
4780|7
434|6
2930|16
9517|6
33|7
10865|7
7716|14
10501|19
2481|13
4157|13
626|15
1318|2
5509|19
1688|17
9609|19
8548|13
6341|8
9222|2
9338|8
8646|15
8611|3
6193|10
8859|3
5708|2
2232|9
10246|0
10325|14
6215|0
3352|7
889|12
4946|2
2429|16
8677|15
2203|15
2490|15
9853|2
4486|0
4058|16
6507|2
10772|18
7912|0
7357|12
8015|7
1014|9
8086|13
10613|3
9812|10
7084|14
2195|10
1655|3
7502|16
5416|11
2230|17
8225|17
1524|1
6383|0
6627|2
2160|18
7063|3
10101|7
970|6
4013|13
2959|17
5344|4
5440|6
7797|3
9138|19
4044|17
5368|14
7447|11
9775|17
1350|17
3398|1
840|7
2375|17
4975|9
6754|7
228|0
8584|3
3988|13
6984|14
5762|12
5309|13
7365|12
10212|15
9540|16
11281|7
8846|12
1567|17
2208|19
3639|10
4706|13
8408|12
7609|6
7885|14
1418|16
4943|11
8923|12
3360|16
328|12
7303|14
697|14
9683|3
6693|17
6955|2
8736|15
5091|2
2536|17
2851|7
5626|3
5174|13
4243|4
10756|16
2962|6
7981|2
4007|17
6333|5
3889|6
1572|5
4616|6
11195|3
8574|13
7845|9
1120|0
9207|0
1040|4
3853|18
9884|18
2273|11
11172|19
5955|12
4551|3
9374|12
102|16
187|17
9183|4
5331|12
8134|19
6266|10
2236|7
3246|17
3453|14
8628|13
8358|16
4670|14
1047|15
7116|7
74|5
5729|10
10126|13
1353|2
7781|8
1885|10
4693|11
7955|1
3299|13
4715|3
4287|12
2096|5
7423|8
3710|19
2274|17
2302|19
1811|6
3694|5
5715|17
5445|2
11085|9
11596|13
696|3
10477|18
5313|1
9003|1
7437|17
186|8
10565|17
8456|1
9155|11
7549|19
6743|13
7769|2
4981|0
3922|6
6067|16
1192|18
5223|10
3659|3
9353|8
9693|9
9673|1
5530|7
6735|13
5367|14
6854|15
3300|17
10522|14
9784|3
8674|5
4546|4
3133|6
7152|0
4861|17
6611|13
2890|3
11612|0
6912|2
10591|13
7504|7
2973|12
4656|2
8174|4
7710|10
6838|4
6703|16
7107|17
6394|12
753|6
1774|4
10633|14
2297|9
9975|10
4387|16
3005|3
7053|17
4200|14
7726|12
10021|17
5038|0
5917|3
9581|15
4098|17
9459|13
9831|3
3591|6
3391|11
5187|16
3122|2
5275|7
3820|17
4960|4
2694|2
6812|17
6935|0
64|19
9412|18
5280|19
1457|16
5178|15
7104|6
7369|13
5289|3
11639|5
9481|16
1019|3
9193|3
10740|0
2418|8
8558|13
9431|19
981|5
5419|1
11755|13
483|3
3667|3
2325|8
1861|0
11181|2
8893|9
10886|0
7293|4
1116|16
11359|0
2946|4
11757|18
10712|7
9908|14
1843|19
1613|10
5748|12
5756|9
7998|0
6751|8
4749|15
6674|19
5075|14
1904|5
1085|6
7843|7
2753|10
796|13
450|7
10014|16
4298|13
8597|17
8393|13
7545|13
5383|9
10413|3
9794|13
11864|0
7329|17
3789|17
2557|14
3357|5
2143|9
2932|0
153|6
8298|2
4510|14
847|2
1953|9
369|18
52|4
702|6
6714|16
6808|18
9199|15
8648|10
9657|14
8645|17
8706|7
8626|16
5971|16
10908|19
3324|14
2106|17
1784|0
459|16
7247|17
7265|3
9334|13
10977|10
5053|16
4484|13
8416|14
9760|14
8931|16
4241|7
853|18
1481|13
5414|15
4037|3
2690|17
2089|19
3294|14
11120|12
7784|13
10511|8
4433|5
2388|17
2169|12
7236|4
3807|17
2134|10
7821|2
10342|2
4202|18
3480|6
1200|8
4081|15
4999|7
1536|14
11259|17
2978|13
6117|16
6208|14
10117|10
7925|18
1911|16
7951|16
8371|3
15|16
9131|9
181|7
1879|3
10926|2
8711|15
2822|15
10503|16
1|17
8467|17
6953|13
965|15
1346|14
10086|1
2636|5
5371|17
9947|6
279|17
12209|11
7522|10
1088|9
6636|16
3767|13
83|4
1573|4
342|0
9288|2
7283|15
9248|13
11429|3
1893|15
635|7
4449|3
1606|16
3102|3
8847|12
135|15
333|16
393|5
8951|11
1269|3
5732|1
8749|13
7493|2
1533|2
1454|13
11240|12
4473|8
3074|12
8594|3
5930|14
9344|8
3938|9
8920|11
8418|17
1479|15
2244|2
7701|0
9249|7
4646|16
6773|13
4947|14
9988|13
4207|17
3567|13
7534|0
1221|14
7999|11
9519|12
6967|12
9599|18
2703|18
9866|14
2332|12
10807|11
7658|2
10770|8
4890|6
1065|16
9959|4
5415|3
6043|1
5765|9
1781|2
5926|15
4518|9
9607|12
3003|4
9172|2
303|8
2816|9
2398|14
4122|18
4417|4
424|17
3488|10
5327|14
3729|16
10935|17
6430|8
2609|11
1928|2
3584|15
6081|19
3606|2
2522|12
4455|3
9897|13
4601|2
9643|1
3018|14
3852|12
7399|7
9890|15
3865|8
9898|2
5605|9
5120|16
6299|13
4192|15
3719|17
7060|3
2459|9
8368|4
8432|12
8071|17
2612|19
2498|17
9571|16
10798|14
157|18
9017|10
5296|3
1013|6
1340|16
3165|9
1129|14
3857|4
2|3
3019|10
4136|7
2901|19
4509|0
2191|9
1743|4
10421|17
10427|13
8688|1
3415|0
6620|12
2416|16
8295|11
4318|6
10162|18
2151|11
2315|11
3727|4
4535|1
8457|14
10685|18
10339|13
10189|4
7025|10
8449|13
4772|10
6074|4
10360|17
1646|4
8020|8
11124|19
10532|6
317|1
798|17
987|10
6306|3
1193|5
1447|12
6986|3
11608|11
11979|19
6990|15
7078|17
8|2
9268|9
1122|0
9939|19
9569|16
4662|19
7642|10
5698|4
1163|13
10314|7
6661|3
429|0
5320|0
10782|17
1476|3
4873|4
9840|4
1614|2
5438|0
703|15
1199|10
8637|9
4930|10
2266|2
9402|16
4362|5
1113|0
1540|17
5267|11
7734|12
1855|14
8324|16
540|6
4817|15
1213|1
2898|14
6057|18
6549|0
2509|3
7623|14
941|10
10583|8
6739|11
4033|14
6870|17
4840|0
7102|9
2452|4
5277|10
1569|4
3276|12
5470|17
11541|7
6742|14
7002|7
2982|18
11099|10
1489|7
9156|19
10007|14
8279|13
2858|9
10825|3
1722|14
1790|19
8427|8
1877|0
12181|4
2451|6
9966|18
1715|2
11139|4
5511|17
444|8
9999|16
8879|6
2128|17
900|3
10434|7
1862|15
3413|9
6916|16
665|9
5649|16
2765|10
9081|5
6398|16
11638|18
1642|0
3793|10
1082|2
3846|5
10407|14
1718|3
9441|15
2088|15
10498|11
6948|17
194|3
1541|5
1578|0
10711|13
5063|5
3135|1
5677|1
9992|17
6478|10
6880|16
2588|6
5500|1
6700|4
446|17
4089|9
8284|0
7364|14
6475|10
4685|14
1635|6
3344|2
6008|17
8903|1
7034|3
10863|4
10867|10
5504|10
2939|5
7490|7
5034|12
3656|12
5243|12
7986|16
7038|7
5196|6
6822|5
10778|7
9280|4
12009|11
2813|9
4597|9
4980|7
3709|2
2336|4
2440|17
10159|16
6806|11
6075|3
5102|1
8549|3
6892|13
3983|2
7958|9
4737|14
3315|16
9773|13
7477|19
11064|1
5954|5
1180|0
7271|7
4301|15
6107|0
6235|17
3086|9
190|18
8788|3
8117|9
10180|16
6040|16
3041|11
9048|15
4156|4
5828|2
5822|2
1009|19
9937|4
7537|2
1620|2
2900|17
2660|6
2104|14
1684|6
8034|18
5323|0
5427|16
3956|10
4466|10
3348|1
5809|14
386|4
1837|9
5215|10
5350|4
803|17
105|12
61|16
2699|10
509|17
6059|1
8092|4
10012|14
2505|5
11275|17
11642|8
273|3
7862|17
4964|2
3469|17
11734|1
3704|5
9962|4
9948|12
7903|19
1704|0
1271|12
10004|10
6459|4
6257|4
10361|16
3061|14
7234|4
3310|12
2006|6
9360|19
942|17
6724|2
4028|6
1914|9
591|16
7832|0
4195|19
2303|18
4948|15
1616|1
4687|12
7727|17
2186|14
9022|17
8187|19
6709|17
8372|4
3069|4
3629|4
8825|16
6196|13
7190|2
3314|7
11531|16
7638|6
335|8
3043|3
11417|3
6555|10
9709|8
7412|7
11699|8
3322|2
3059|4
7883|3
6846|19
3333|18
4666|5
6971|9
389|19
9689|16
10599|15
7691|8
5650|10
9223|3
11114|14
4804|6
1314|16
2549|0
5387|4
5329|12
11267|19
2437|12
9189|7
7577|1
13|14
823|16
11266|12
2212|10
1383|12
2896|4
4845|16
7759|14
657|1
7348|4
6681|12
8962|7
4774|12
7602|7
6428|12
11451|5
10550|8
4316|16
2669|19
9438|3
4494|17
3441|6
532|17
8204|9
4603|17
9425|19
2910|2
6063|16
11579|18
3878|13
700|16
3334|9
1895|9
2219|13
1406|15
5242|4
2178|16
9523|14
3868|11
7953|0
10702|16
4937|4
8639|2
2651|15
7148|19
2317|17
8894|4
1936|4
7639|16
2879|9
4238|4
10730|17
1913|4
7817|7
8940|4
2672|18
6097|5
3410|13
3617|14
770|4
10693|2
10218|19
10496|19
3153|12
9668|7
6995|15
11599|10
4397|17
3645|5
6110|7
7752|3
9485|14
7987|2
9527|2
3602|14
11604|8
6050|10
1488|14
5863|0
7967|12
4658|15
8932|14
6116|15
3155|4
6771|9
761|2
5712|18
5825|3
2871|17
4047|4
10135|15
12012|19
9952|4
6449|8
274|16
12713|8
2227|2
9382|14
10338|10
802|17
5405|15
1964|17
11054|0
2318|15
5302|2
5465|17
1734|9
5580|12
8220|3
7040|19
646|4
6458|9
7161|5
7216|17
2760|7
7425|14
1586|2
10110|9
881|3
8839|6
152|1
1874|15
1133|4
722|3
6022|13
3239|7
463|18
6479|15
3742|9
9932|17
1671|2
1755|11
11420|15
8012|12
1468|4
1463|8
8206|10
2997|14
3420|6
10239|10
11210|9
3478|6
9604|3
1087|3
6567|4
4056|8
8799|17
11074|13
10259|15
11346|3
1711|5
6419|16
3564|13
7590|13
5219|4
5685|16
1033|18
9823|3
5562|15
1738|3
6529|19
721|8
9578|17
518|5
2172|16
9757|16
9391|12
7211|3
9366|4
2893|11
7804|13
7705|0
10374|13
7326|15
243|5
7021|4
8150|9
5335|16
201|4
6131|14
7064|0
1184|5
5966|17
8520|15
7552|13
4057|19
9291|17
2458|18
6985|13
10165|4
11301|8
4785|10
5880|18
7082|14
9615|7
10629|7
5826|17
8551|6
9691|15
2586|11
5848|15
4340|12
4485|17
2598|4
4745|16
9595|7
4306|13
8128|2
4288|13
4228|14
1297|2
9638|5
7165|6
286|2
5664|6
10844|4
1673|13
5980|2
5513|8
1301|19
7889|7
3077|17
321|9
9415|0
1317|11
4642|6
2313|11
9186|16
5575|17
5392|17
40|14
3457|6
6778|18
7143|18
7582|6
11076|3
4903|13
10615|12
10879|4
9299|19
3356|2
7392|16
6804|18
3258|9
1403|9
8433|8
5199|2
8095|10
7048|16
9642|17
9713|14
8705|2
1851|7
4279|4
3223|14
9212|4
7150|4
6368|2
11591|3
2837|5
3828|9
4849|12
9694|0
4634|0
10120|2
10899|18
9830|5
4155|4
641|7
117|7
2265|17
6469|17
3683|17
6798|3
4512|6
679|14
5008|9
886|14
1008|10
4963|6
7581|9
6781|4
11832|8
176|17
5220|7
9277|13
5604|14
7899|17
7471|16
1561|0
4973|3
930|18
5628|14
3241|17
2746|4
3496|7
7900|3
10796|17
1590|13
7311|8
2155|9
5395|12
11213|3
8959|3
5767|13
11327|7
9237|0
4507|6
7229|2
9050|16
5505|9
8230|7
8710|18
3998|3
9311|8
2531|4
9094|13
370|14
8724|9
10217|19
7717|16
6199|15
3531|11
566|6
11006|16
11058|9
10196|4
4179|18
7898|12
3751|14
4759|12
6657|10
475|4
1251|16
32|6
6429|4
1710|1
191|0
9602|4
5532|7
3369|2
3205|19
2341|0
1348|0
9965|10
7754|13
8695|7
10624|2
9882|10
9376|6
10836|17
6365|12
6602|2
11186|5
10686|16
11486|16
739|5
3764|13
8823|19
1362|15
5379|2
1548|3
3943|9
7098|3
7528|4
6512|12
7109|15
10657|15
10049|0
3788|7
8473|6
2647|10
1002|5
5173|7
1840|0
11766|0
9448|17
11592|13
9133|3
4134|0
7031|4
4269|2
3212|10
5913|9
2884|3
9813|6
474|12
5693|14
2747|14
1278|14
7197|4
3186|7
1342|14
9979|1
4653|0
8715|16
979|5
12356|1
1497|8
8718|16
6146|6
6746|19
9758|18
10986|10
590|0
11215|13
6598|4
8385|4
452|0
10149|13
4137|3
8503|14
6725|0
4940|10
4077|15
9926|7
1496|14
10950|15
319|2
8765|3
11119|11
8077|5
5517|4
6420|14
7382|13
9747|13
2086|3
6939|17
8722|13
2843|8
2724|15
2702|17
854|2
1870|10
11228|16
3306|2
6760|3
7168|9
10612|6
6763|7
7861|3
440|4
5403|10
7330|12
7341|2
4958|1
1171|2
3580|16
3572|17
7720|14
1021|10
5184|1
618|4
2622|19
8233|7
11380|12
5099|17
11555|8
5548|17
3042|7
6609|8
7928|15
9305|9
4517|12
1419|17
10432|1
113|16
5726|9
6718|17
5779|18
10333|10
602|4
4633|6
10380|8
5639|0
1360|14
10671|17
2204|4
8830|17
6958|7
9210|2
4730|4
10541|9
9655|10
7372|13
5667|12
6903|0
9108|3
8052|17
3541|18
5090|9
5906|9
1713|8
1443|1
3754|2
4809|13
4052|8
8334|17
7864|9
9456|7
6682|1
10570|13
9829|12
10609|4
7786|19
8703|0
3674|19
8470|9
4086|11
10643|6
9918|14
9403|16
6294|6
2053|13
931|2
10425|3
3901|4
9985|19
1173|16
9886|17
2338|19
10111|7
7203|3
565|2
8865|5
5527|17
740|6
2773|12
7276|18
6190|16
11577|0
9474|15
5893|14
2457|2
2400|10
8784|17
3150|17
927|13
12413|1
11538|11
9736|4
8509|14
10699|11
1423|13
1493|17
7497|14
8048|14
3934|15
6520|16
8899|2
2391|15
1609|2
1898|2
2430|0
768|19
10715|4
6293|19
3257|10
8726|18
2131|4
4479|4
608|9
6861|0
3280|3
1729|17
6437|10
3166|10
3798|9
865|19
8689|6
371|15
1748|0
10145|16
7332|14
1074|0
5443|9
1486|2
8219|14
1026|19
5883|17
1152|3
4491|14
4070|14
998|19
259|3
6309|14
4672|12
4423|2
7760|13
943|0
10174|0
8933|0
9303|5
8400|9
5493|5
1386|10
718|13
1148|4
10594|10
9372|16
8582|12
6157|16
7198|14
8739|4
9483|16
4302|10
1490|8
2641|9
2083|7
1311|16
4668|17
3505|14
3033|9
8858|14
6310|11
180|15
1560|6
11129|13
8037|14
2980|17
3303|13
7749|18
2276|2
6713|10
2788|12
6755|5
10168|2
10802|11
9137|17
7073|17
11080|13
899|13
2719|13
5212|15
4115|2
1429|14
8024|2
9117|9
1139|0
11142|19
9821|6
8136|4
8465|17
972|17
3653|17
6514|4
743|17
11078|13
1142|4
3161|17
5391|7
9492|10
5133|4
10638|19
10184|12
9559|8
11662|19
6054|9
9899|17
6028|14
9286|6
5961|7
1385|4
9435|0
2732|0
8804|17
5841|6
8129|16
3785|11
11127|17
322|14
4123|16
5950|3
12293|1
5690|12
9034|1
6103|4
10652|1
2580|4
11154|15
5569|14
12295|11
5668|4
5247|5
9127|16
10561|5
5734|10
8685|14
2827|14
6126|16
5516|14
7000|17
4880|18
8499|18
6187|13
8552|14
2185|17
11774|13
4991|17
7713|17
717|16
4349|4
9543|12
6617|10
3137|13
2502|1
5589|9
10158|15
1096|15
262|11
4054|5
5746|16
7572|16
10051|13
7614|13
4852|4
458|18
6601|17
10786|16
9015|18
11937|0
10534|17
4065|13
9687|17
699|2
8889|2
1566|11
3880|6
9981|17
3899|14
5669|3
2487|1
9029|18
9332|0
119|19
3952|2
6390|3
5375|10
6454|13
10048|10
3842|12
909|3
7957|11
4425|0
7519|18
4042|19
1146|14
11515|7
3014|14
9159|13
10576|2
4667|17
3071|17
7456|6
141|2
7287|11
10781|3
7204|4
4325|2
6250|14
10859|15
7664|5
6439|13
4167|6
10960|16
99|16
2220|6
6281|6
5039|2
880|18
5835|18
11164|2
7022|3
1434|0
7208|7
11048|13
8676|13
7787|6
975|17
4159|1
9283|0
9805|0
7603|13
713|0
1827|13
5727|2
3775|10
3405|19
51|13
3126|0
3066|12
8375|5
849|4
2496|14
7956|3
8221|8
1382|14
2174|17
6277|10
6152|3
6317|19
9878|5
6085|4
11611|0
9641|16
2444|4
5671|3
1772|18
3393|10
693|19
6095|12
441|14
4568|14
6701|5
3323|2
8268|1
12348|8
1813|12
1594|7
9076|9
12029|19
1076|10
3029|9
6224|4
7308|14
10934|2
6786|12
8349|3
12080|8
10419|10
6966|8
6417|2
9116|19
9596|1
6184|12
3487|8
10944|13
7936|17
9202|2
8437|4
5620|13
3514|4
3291|0
2556|0
7090|7
9825|10
9778|6
6983|9
5599|11
1061|5
10474|2
7202|0
2070|10
9844|5
3835|6
7733|2
4540|14
2839|7
6038|13
1771|13
7068|10
3114|3
9901|11
4898|14
56|3
250|13
155|6
1844|3
6151|2
3417|7
10737|18
5895|2
6487|15
9495|0
6188|7
4876|16
4049|15
8226|9
2110|4
9377|17
9801|17
6738|14
7494|10
172|9
1582|3
4683|8
6900|12
4859|7
10714|10
6543|17
3244|8
2002|3
750|3
5630|8
2287|7
9743|16
8661|15
765|12
8390|3
3607|6
3358|4
6134|0
10743|19
7139|17
6957|17
2866|4
7978|14
920|12
7298|9
9601|6
8397|9
343|14
3089|18
6461|3
3376|14
7363|13
399|6
8001|9
4262|2
715|0
37|2
9522|5
3419|10
3286|14
7988|2
7854|3
6748|2
8559|0
10198|4
9320|14
771|4
9535|2
6233|7
7132|9
9482|8
9171|3
9872|18
4664|8
5073|14
6148|6
9096|2
2461|13
8386|12
2326|5
962|9
1695|11
2781|2
4848|9
9258|13
1583|8
10312|19
8081|16
307|17
10042|19
4082|12
8161|13
10345|0
2862|15
3675|19
4359|15
5738|17
3500|15
905|4
9630|5
4295|12
1326|3
4768|2
8307|13
9327|4
2534|17
453|3
8329|17
7008|14
6790|17
11360|13
3546|0
6787|7
9346|0
2162|17
320|4
5066|7
6791|16
3663|5
5774|6
6780|4
7393|10
2491|16
118|9
1286|17
8845|8
924|6
5994|14
11092|7
4017|9
10919|15
10397|9
4147|8
9428|3
147|11
54|4
5593|17
1293|1
5936|8
12062|18
1762|13
3070|13
5586|10
9745|14
5217|13
10795|16
6708|3
10720|18
6856|19
11251|7
8009|13
10186|9
4480|19
4688|16
139|6
12161|11
6418|6
1389|2
8162|5
4365|2
7622|8
4516|14
4173|5
3125|14
6413|18
1930|17
4935|6
3646|19
5503|7
2675|1
8269|7
4132|15
1462|18
3693|0
2708|11
10994|16
5385|6
6358|8
1547|5
6010|13
8694|9
6943|6
3144|6
694|19
3588|14
10900|19
735|16
7540|3
6562|4
7669|17
10880|9
3024|19
9590|8
8751|4
11270|9
6369|2
7473|3
2054|8
1598|10
567|14
10803|2
10754|3
8133|14
10100|2
8911|7
1099|6
121|4
6942|9
390|3
5858|0
11187|4
9870|9
3530|3
9680|3
10502|10
4919|14
2275|12
673|3
3739|0
2225|7
6376|16
10513|12
409|3
1175|7
2439|18
6605|12
4140|14
2478|2
7630|15
4135|13
9139|10
178|17
7017|3
6350|7
1390|17
4886|2
7162|17
5658|8
800|2
9445|16
7130|10
8743|0
3532|18
3394|14
5485|18
686|15
4253|13
5065|11
4412|3
2631|13
9690|16
5657|17
7853|7
5021|2
8164|13
3873|17
10281|3
10998|14
10927|11
3759|17
976|0
2486|12
6907|10
4824|16
2077|2
4985|14
4063|4
4927|9
2397|16
3250|9
3328|0
8053|16
12298|18
6170|6
5181|14
11447|19
11003|17
9727|18
8958|0
6752|7
1101|0
1368|17
1066|17
10736|2
7766|16
804|0
5276|7
272|4
5114|4
997|11
12010|14
6443|1
1717|3
10465|2
412|13
6166|2
10362|6
7507|10
7011|12
8153|3
73|8
6719|17
11381|8
5647|0
8176|2
11153|13
8003|3
8245|17
1745|19
9762|13
6913|8
1181|19
6630|7
7|0
783|17
1627|14
9551|10
143|15
11226|16
10119|3
8059|8
2023|5
10911|14
630|10
5088|17
10809|13
5202|2
7919|12
8082|10
5837|17
2833|4
6189|19
10029|0
5877|12
10484|4
4322|1
8805|3
3773|17
10675|18
350|15
10058|4
8247|18
3046|13
8311|2
6205|3
7848|13
812|16
4021|13
3234|14
3164|17
3515|9
10573|14
8410|0
3525|4
8768|14
11105|7
3627|0
795|4
12255|11
4064|15
3462|14
3761|8
9232|6
8004|13
672|12
1264|12
2426|16
9112|16
1381|18
1371|0
10388|2
4738|9
2867|18
10440|10
11046|1
10237|19
4724|7
7255|17
4741|9
10313|6
10444|12
8984|17
10410|15
3380|0
9033|3
9656|17
3243|0
2206|9
7984|15
3467|2
932|17
4087|7
2907|5
9940|13
1765|0
1882|5
1600|4
5222|6
3427|17
5109|19
11007|6
2921|17
6663|17
6626|17
406|17
7370|16
11601|0
10031|0
2111|8
8099|2
10013|10
8272|5
7301|0
5237|5
954|19
3272|2
2952|4
10378|10
1024|7
711|15
4074|16
1553|7
921|0
11942|5
5792|5
4868|2
9279|9
2624|0
1277|1
8773|9
10489|9
8533|14
7527|9
9142|3
4618|13
11056|14
6018|10
2365|7
895|14
7688|17
7556|12
3185|10
4008|9
10273|8
8365|0
3961|2
6058|19
5176|10
9980|12
1445|13
10452|17
10988|16
5264|0
8881|7
5583|14
2468|1
3281|14
5172|19
3640|4
10033|0
7315|17
130|4
10799|13
6237|9
10071|14
5372|4
5694|16
855|3
6563|17
10644|18
10578|18
7911|14
8827|17
10969|17
4889|0
384|2
2755|16
2895|11
6232|0
3702|16
9181|19
2296|7
3904|2
8154|12
3794|15
6531|17
5710|14
9678|9
3204|11
2173|13
4920|2
3414|5
4776|17
7675|6
10789|10
8180|5
1812|0
5691|7
10287|14
8068|17
84|0
9507|0
4521|4
9832|14
1973|9
1235|14
9737|11
8983|8
9995|9
9820|2
5437|18
4678|4
7706|8
6431|13
3026|3
3990|14
6540|13
2680|17
8094|17
1850|2
5119|19
6244|17
43|8
8361|3
10446|8
5919|9
8573|5
3600|17
10485|17
11073|16
7656|13
3519|6
8612|1
4441|17
10304|9
8392|19
10376|9
4917|3
9767|17
3326|8
2045|12
869|13
4199|4
7841|5
2826|14
7251|17
5581|6
89|9
9900|5
9774|12
2043|3
644|12
2958|17
10291|17
10816|17
5271|13
8699|16
1287|6
6979|8
7802|10
9460|12
8309|1
5744|0
4342|3
4303|2
11193|7
4181|9
4213|7
2149|2
11133|9
7051|9
3251|18
1469|8
7681|14
6495|6
2489|3
5239|12
2630|14
6546|13
8554|3
1305|2
6594|2
8320|1
81|4
7278|1
8401|19
8406|18
5050|18
6924|4
9103|11
7299|3
7080|9
10449|12
10982|4
11602|4
2190|13
4169|16
3178|18
5554|8
5279|5
6728|1
9163|13
3740|7
8338|4
346|9
5730|2
12296|11
10267|16
10821|17
4324|10
6921|9
6848|9
3996|14
3489|18
63|9
8779|6
963|19
7566|6
8912|13
8328|17
9768|3
6767|19
11051|6
3192|13
5131|6
10005|0
9654|3
11353|4
3456|15
1944|14
7349|0
8064|14
8195|15
6553|16
1505|12
8539|3
7250|9
9843|3
9322|2
10646|4
11345|10
8750|17
2171|7
6552|13
7292|10
3444|2
1607|6
11655|0
3159|17
5230|16
6918|18
4|2
2424|5
6275|0
9404|7
10581|12
10965|16
2301|10
6352|8
513|3
1720|14
6111|0
5709|12
5262|17
3361|1
9109|12
2349|14
2604|13
10460|4
5783|7
7246|7
3547|19
1057|0
9714|2
3123|13
9957|18
6731|16
7794|19
8877|7
4106|5
6285|17
3229|8
3778|4
2240|12
3839|18
4009|13
8617|8
36|4
5928|19
6078|0
4010|5
1365|14
9575|14
47|0
5305|6
8519|17
9417|13
295|15
8413|2
4606|7
6584|15
4270|4
6634|6
1322|14
5488|13
845|7
8693|1
8002|1
4420|12
9917|17
8740|19
7983|17
1966|5
2881|16
2193|0
5402|3
8841|10
6537|9
8754|9
1632|5
9318|14
10160|2
3000|2
1918|8
4736|3
8606|12
2551|17
2098|1
9667|6
144|10
1878|14
2922|5
11598|1
1127|3
2670|5
4249|3
10746|4
4885|12
7915|0
4686|13
5252|2
11308|3
8474|1
348|1
92|1
11160|0
5717|4
2259|13
10555|7
4997|7
10768|3
12315|18
8831|19
6072|16
6496|18
7335|2
261|14
5766|19
2913|9
10936|15
594|18
3874|18
10618|2
10630|18
4190|2
5892|18
4386|10
10468|14
11086|16
6098|3
9043|7
5983|19
7016|14
8709|14
6068|2
4463|16
10623|7
2966|6
1921|3
3085|4
10727|15
3436|19
9100|7
4275|16
5834|16
3508|5
3684|14
2064|18
9297|16
2578|17
9795|16
7455|9
8826|13
7391|8
9490|13
3443|15
6895|4
11237|16
9333|3
2382|3
6523|16
5623|10
8313|11
7086|19
8592|6
10365|13
5987|17
7969|17
7991|19
6457|2
2433|12
5377|17
2328|13
9845|12
2546|3
1236|2
60|16
11292|8
9064|15
5740|17
8953|0
6577|8
1652|2
4870|5
8732|17
4590|9
10264|17
7147|4
839|5
2975|16
4605|16
18|15
8118|3
1682|5
